iter	F1	Logloss
0	0.9333333306	0.6923057142
1	1	0.691476472
2	1	0.6905030448
3	1	0.6895337711
4	1	0.6884810053
5	1	0.6875551717
6	1	0.6865861823
7	1	0.6856791938
8	1	0.6848006545
9	1	0.6839492131
10	1	0.6830379997
11	1	0.681925038
12	1	0.6811569279
13	1	0.6802903493
14	1	0.679911655
15	1	0.6790594148
16	1	0.6783215413
17	1	0.677486117
18	1	0.6766728642
19	1	0.6757524973
20	1	0.6750280957
21	1	0.6743068137
22	1	0.6734381125
23	1	0.672637772
24	1	0.6716825227
25	1	0.6709399511
26	1	0.670117061
27	1	0.6691827854
28	1	0.6684199932
29	1	0.6678774404
30	1	0.6671173034
31	1	0.6661617338
32	1	0.6655152365
33	1	0.664613842
34	1	0.6637858407
35	1	0.6634273338
36	1	0.6624631691
37	1	0.6617944092
38	1	0.6609864381
39	1	0.6601131901
40	1	0.6593645936
41	1	0.658629239
42	1	0.6578693601
43	1	0.6573253542
44	1	0.6565960154
45	1	0.6558327692
46	1	0.6550498837
47	1	0.6539783934
48	1	0.6531352551
49	1	0.6521895457
50	1	0.6511729888
51	1	0.650544811
52	1	0.6496886065
53	1	0.6489858607
54	1	0.6480857487
55	1	0.6476537634
56	1	0.6469748444
57	1	0.6460890684
58	1	0.6452387928
59	1	0.6444870374
60	1	0.6437099707
61	1	0.6428840943
62	1	0.6421028267
63	1	0.6411558111
64	1	0.6405217157
65	1	0.6398693034
66	1	0.6391220031
67	1	0.6386255624
68	1	0.6379041779
69	1	0.6372090837
70	1	0.6363974129
71	1	0.6354548661
72	1	0.6347893965
73	1	0.6340510566
74	1	0.6330966778
75	1	0.6321123386
76	1	0.6311496827
77	1	0.6304056805
78	1	0.6295321367
79	1	0.6286538496
80	1	0.6282439072
81	1	0.6276230363
82	1	0.6268305176
83	1	0.6259781916
84	1	0.6253776316
85	1	0.6246091193
86	1	0.6238351013
87	1	0.6229748047
88	1	0.6223291874
89	1	0.6216840465
90	1	0.6210967287
91	1	0.6200619652
92	1	0.6194246402
93	1	0.6186679064
94	1	0.6177936187
95	1	0.6170814496
96	1	0.6163664097
97	1	0.6155895086
98	1	0.6148375126
99	1	0.6140757612
100	1	0.6132039124
101	1	0.6124876567
102	1	0.6118848039
103	1	0.6112738611
104	1	0.6107577812
105	1	0.6099337991
106	1	0.6093705735
107	1	0.6087832423
108	1	0.6082116045
109	1	0.6074276382
110	1	0.6068738086
111	1	0.6061899583
112	1	0.6052938327
113	1	0.6046925418
114	1	0.6039355064
115	1	0.6031850358
116	1	0.6025351014
117	1	0.6019347629
118	1	0.6010691587
119	1	0.600459295
120	1	0.5998419094
121	1	0.5992640681
122	1	0.5987106557
123	1	0.5977345066
124	1	0.596891906
125	1	0.596199487
126	1	0.5956917938
127	1	0.5949475646
128	1	0.5945126325
129	1	0.5937673604
130	1	0.593049668
131	1	0.5925026009
132	1	0.5914913022
133	1	0.5907931697
134	1	0.5899563582
135	1	0.5893354874
136	1	0.5887026246
137	1	0.5880659733
138	1	0.5873732435
139	1	0.5866134742
140	1	0.5857520819
141	1	0.5852289894
142	1	0.5846084254
143	1	0.5837291401
144	1	0.5833107964
145	1	0.582740084
146	1	0.5819536633
147	1	0.5813539386
148	1	0.5806513256
149	1	0.5801409397
150	1	0.5795541764
151	1	0.5789385559
152	1	0.5786703548
153	1	0.5779448071
154	1	0.5772282679
155	1	0.5765366225
156	1	0.5758053237
157	1	0.5750708617
158	1	0.5745806239
159	1	0.573774205
160	1	0.5730998438
161	1	0.572391267
162	1	0.571842427
163	1	0.5710806013
164	1	0.5703905478
165	1	0.5697429466
166	1	0.5690803983
167	1	0.5685401747
168	1	0.567921137
169	1	0.567367948
170	1	0.5666396092
171	1	0.565981267
172	1	0.5655430309
173	1	0.5647012167
174	1	0.5639467541
175	1	0.563133503
176	1	0.5625925551
177	1	0.5618128031
178	1	0.5611519787
179	1	0.5605457051
180	1	0.5598482465
181	1	0.5591049486
182	1	0.5584077725
183	1	0.5577943677
184	1	0.5572126445
185	1	0.5567852109
186	1	0.5561798967
187	1	0.5555559665
188	1	0.5548623537
189	1	0.5541758969
190	1	0.5535884546
191	1	0.5530219149
192	1	0.5523148876
193	1	0.5517058423
194	1	0.5509818667
195	1	0.5503509893
196	1	0.5498203361
197	1	0.5491930989
198	1	0.5485428757
199	1	0.5481251755
200	1	0.5476084215
201	1	0.5469109143
202	1	0.5461453504
203	1	0.5456785
204	1	0.5450161752
205	1	0.5442705532
206	1	0.5438061685
207	1	0.5433201622
208	1	0.5426583742
209	1	0.542158915
210	1	0.5416119438
211	1	0.540903962
212	1	0.5403444546
213	1	0.5397315072
214	1	0.539209801
215	1	0.5385638894
216	1	0.5377601916
217	1	0.5371421717
218	1	0.5365785586
219	1	0.5357754822
220	1	0.5352214213
221	1	0.5344509542
222	1	0.5337944581
223	1	0.5332127232
224	1	0.5327139314
225	1	0.5320929558
226	1	0.5314554699
227	1	0.5309758834
228	1	0.5305183921
229	1	0.5299826544
230	1	0.5292672021
231	1	0.5285972491
232	1	0.5279345501
233	1	0.5274084772
234	1	0.526958058
235	1	0.5263280309
236	1	0.5256301819
237	1	0.524913904
238	1	0.5243752016
239	1	0.5237295226
240	1	0.523233483
241	1	0.5224477208
242	1	0.5218658665
243	1	0.5213121791
244	1	0.5206477987
245	1	0.5199367486
246	1	0.5193401537
247	1	0.5187131541
248	1	0.518072006
249	1	0.5174738088
250	1	0.5167705027
251	1	0.5161644558
252	1	0.5156512626
253	1	0.51501775
254	1	0.514501154
255	1	0.5137974189
256	1	0.5132051288
257	1	0.5126839041
258	1	0.5122818726
259	1	0.51166459
260	1	0.5112062316
261	1	0.5105508113
262	1	0.5098666938
263	1	0.5094620666
264	1	0.508858677
265	1	0.5083896158
266	1	0.5079221998
267	1	0.5073844005
268	1	0.5068508825
269	1	0.5064786764
270	1	0.5060184207
271	1	0.5054126725
272	1	0.5046873816
273	1	0.5040176649
274	1	0.5034119984
275	1	0.5028048515
276	1	0.5021877451
277	1	0.5015764212
278	1	0.5009765321
279	1	0.5004060021
280	1	0.4998263184
281	1	0.4992701217
282	1	0.4986329023
283	1	0.4982197621
284	1	0.4975342845
285	1	0.4970022353
286	1	0.4964053694
287	1	0.495939689
288	1	0.4952373219
289	1	0.4946909825
290	1	0.4941047603
291	1	0.4935687203
292	1	0.4929711616
293	1	0.4923965881
294	1	0.4919414616
295	1	0.4914628505
296	1	0.4908944121
297	1	0.4903736705
298	1	0.4898474681
299	1	0.4893175612
300	1	0.4886105672
301	1	0.4880139573
302	1	0.4873815699
303	1	0.486891712
304	1	0.4862266767
305	1	0.4857744604
306	1	0.4853429212
307	1	0.4847374186
308	1	0.4841269954
309	1	0.4836211637
310	1	0.4831965039
311	1	0.4826740437
312	1	0.4820972634
313	1	0.4816646817
314	1	0.4810486923
315	1	0.480516353
316	1	0.4800017254
317	1	0.4794235004
318	1	0.4788256812
319	1	0.4785159561
320	1	0.4780972007
321	1	0.4775837296
322	1	0.4770268666
323	1	0.4766964046
324	1	0.4760725015
325	1	0.4756523582
326	1	0.4751177271
327	1	0.4747017098
328	1	0.4738698519
329	1	0.4732687012
330	1	0.4727070343
331	1	0.4722601003
332	1	0.4717583221
333	1	0.4711416244
334	1	0.4706307655
335	1	0.4701617314
336	1	0.4696397162
337	1	0.4689999187
338	1	0.4685214218
339	1	0.4683609793
340	1	0.4679536193
341	1	0.4673259652
342	1	0.4668705128
343	1	0.4662367998
344	1	0.4654828553
345	1	0.4648206715
346	1	0.4642603733
347	1	0.4638534696
348	1	0.4632015979
349	1	0.4627134458
350	1	0.4622244675
351	1	0.4618837369
352	1	0.4612855341
353	1	0.4608620835
354	1	0.460338518
355	1	0.4599406316
356	1	0.4594715041
357	1	0.4590199347
358	1	0.458368687
359	1	0.4577764519
360	1	0.4572689403
361	1	0.4567538976
362	1	0.4563905945
363	1	0.4558455649
364	1	0.4554093167
365	1	0.4548352177
366	1	0.4543474046
367	1	0.453986531
368	1	0.4534231469
369	1	0.4530425547
370	1	0.4525352996
371	1	0.4521179274
372	1	0.4517260217
373	1	0.4512286453
374	1	0.4507652003
375	1	0.4502740831
376	1	0.449741779
377	1	0.4492861227
378	1	0.4487828408
379	1	0.4484330237
380	1	0.4479263414
381	1	0.4472978138
382	1	0.4468067743
383	1	0.4465696095
384	1	0.4460246637
385	1	0.4455318815
386	1	0.4449280301
387	1	0.4444789234
388	1	0.4438945293
389	1	0.4434923241
390	1	0.4431362752
391	1	0.4426793784
392	1	0.4422669339
393	1	0.4418653822
394	1	0.4413069967
395	1	0.4407417074
396	1	0.4403006342
397	1	0.4398061475
398	1	0.439429159
399	1	0.4388908301
400	1	0.4385945118
401	1	0.4380479219
402	1	0.4377085973
403	1	0.4371610124
404	1	0.4366200379
405	1	0.4361291961
406	1	0.4358571924
407	1	0.4353382266
408	1	0.434752623
409	1	0.434385354
410	1	0.43399376
411	1	0.4337014623
412	1	0.433195883
413	1	0.4327995909
414	1	0.4322543429
415	1	0.4317796007
416	1	0.4314217853
417	1	0.4310388445
418	1	0.430352007
419	1	0.4299343658
420	1	0.429536588
421	1	0.4289256072
422	1	0.4285419126
423	1	0.4280963245
424	1	0.4276868026
425	1	0.4272978026
426	1	0.4269170348
427	1	0.4264613656
428	1	0.425906628
429	1	0.4255656065
430	1	0.4250888345
431	1	0.4245738555
432	1	0.4240731175
433	1	0.4237069511
434	1	0.4233587509
435	1	0.4229100076
436	1	0.4224197934
437	1	0.4220688846
438	1	0.4215653092
439	1	0.42100021
440	1	0.4205169622
441	1	0.4200887762
442	1	0.419615427
443	1	0.4191763011
444	1	0.4188021545
445	1	0.4184217665
446	1	0.4180639856
447	1	0.4176766465
448	1	0.4172569792
449	1	0.4168553498
450	1	0.4165452995
451	1	0.4161892443
452	1	0.4157738455
453	1	0.4152502696
454	1	0.414745394
455	1	0.4143797326
456	1	0.4139517009
457	1	0.4134353574
458	1	0.4129927418
459	1	0.4125875974
460	1	0.4122047666
461	1	0.411782634
462	1	0.4113303716
463	1	0.4108871958
464	1	0.4104166237
465	1	0.4100857207
466	1	0.4097152429
467	1	0.4093713021
468	1	0.409033052
469	1	0.4087193978
470	1	0.4083985064
471	1	0.4079791379
472	1	0.4075556502
473	1	0.4072603411
474	1	0.4067703798
475	1	0.4062901215
476	1	0.4058649053
477	1	0.4053936345
478	1	0.4050340827
479	1	0.4045622493
480	1	0.404262746
481	1	0.403888521
482	1	0.4034023376
483	1	0.4030176457
484	1	0.4026397686
485	1	0.4020815354
486	1	0.4015272092
487	1	0.4011107168
488	1	0.4007333045
489	1	0.4004070757
490	1	0.3999713012
491	1	0.3995867975
492	1	0.3991759979
493	1	0.398736841
494	1	0.3982831967
495	1	0.397967352
496	1	0.397667243
497	1	0.3973973041
498	1	0.3971193928
499	1	0.3967023501
500	1	0.3964333196
501	1	0.3960556831
502	1	0.3956533205
503	1	0.3952828967
504	1	0.3949239751
505	1	0.3943833525
506	1	0.3940578576
507	1	0.3935171741
508	1	0.3930186886
509	1	0.392580428
510	1	0.3921677228
511	1	0.3917691368
512	1	0.3913227596
513	1	0.3909412377
514	1	0.3904200411
515	1	0.3900334054
516	1	0.3894803452
517	1	0.3890216395
518	1	0.3885517465
519	1	0.3881211756
520	1	0.3876685869
521	1	0.3872591499
522	1	0.3869480492
523	1	0.3866014903
524	1	0.3862790618
525	1	0.3858908903
526	1	0.3854563188
527	1	0.3850751158
528	1	0.3845993197
529	1	0.3842120096
530	1	0.3837838796
531	1	0.3833636073
532	1	0.3830541953
533	1	0.3826621824
534	1	0.3821608407
535	1	0.3817860256
536	1	0.3814894575
537	1	0.3812245795
538	1	0.3807285845
539	1	0.3804186691
540	1	0.3800366872
541	1	0.3797122199
542	1	0.3792498635
543	1	0.3786777724
544	1	0.3784084193
545	1	0.3780610603
546	1	0.3777404751
547	1	0.3774536459
548	1	0.3770938968
549	1	0.3766695785
550	1	0.3763818682
551	1	0.3760013318
552	1	0.3755803858
553	1	0.3751432568
554	1	0.374807458
555	1	0.3744551339
556	1	0.3742995144
557	1	0.373995543
558	1	0.3735890413
559	1	0.3731666225
560	1	0.3726860852
561	1	0.372248705
562	1	0.3719279198
563	1	0.3716067359
564	1	0.3713850804
565	1	0.3709858486
566	1	0.370514479
567	1	0.3700725045
568	1	0.3696737563
569	1	0.3693689862
570	1	0.3689211913
571	1	0.368653126
572	1	0.3682195142
573	1	0.3678707009
574	1	0.3675390351
575	1	0.3671848443
576	1	0.3667500946
577	1	0.3664927775
578	1	0.3662129471
579	1	0.3659199933
580	1	0.3656224446
581	1	0.3650251095
582	1	0.3647337003
583	1	0.3644187058
584	1	0.3639576942
585	1	0.3635399918
586	1	0.3631332718
587	1	0.3628235671
588	1	0.3625206609
589	1	0.3622044874
590	1	0.3619065815
591	1	0.3616787324
592	1	0.3613997967
593	1	0.3609444986
594	1	0.3605398239
595	1	0.3602288705
596	1	0.3599281269
597	1	0.3596556036
598	1	0.3592699714
599	1	0.3588184922
600	1	0.3584063495
601	1	0.3580627231
602	1	0.3577389986
603	1	0.357429168
604	1	0.3570428078
605	1	0.3566477457
606	1	0.3563380432
607	1	0.3559115058
608	1	0.3555886545
609	1	0.3551898014
610	1	0.3548032546
611	1	0.3544503136
612	1	0.3541141446
613	1	0.3537572665
614	1	0.3533657477
615	1	0.3529463268
616	1	0.3526659542
617	1	0.3523036113
618	1	0.3519446091
619	1	0.3515478786
620	1	0.3511591068
621	1	0.3508536036
622	1	0.3504630326
623	1	0.3500771052
624	1	0.349601184
625	1	0.3493778386
626	1	0.3490812984
627	1	0.3488313092
628	1	0.3484332014
629	1	0.3480934174
630	1	0.3477460996
631	1	0.3474460556
632	1	0.3471829999
633	1	0.3468012512
634	1	0.346572984
635	1	0.346263458
636	1	0.3459179343
637	1	0.3455666655
638	1	0.3451485611
639	1	0.3447842506
640	1	0.3444001855
641	1	0.3440717699
642	1	0.3438183095
643	1	0.3435030196
644	1	0.3431045479
645	1	0.3428350122
646	1	0.3424789764
647	1	0.3420936805
648	1	0.3418000273
649	1	0.3414799701
650	1	0.3411297034
651	1	0.3407514494
652	1	0.3403723407
653	1	0.3400149622
654	1	0.3397420644
655	1	0.3393623852
656	1	0.3391199686
657	1	0.3388231536
658	1	0.3384364612
659	1	0.33811804
660	1	0.3377471009
661	1	0.3374202208
662	1	0.3370576452
663	1	0.3366447117
664	1	0.3364077813
665	1	0.3362519148
666	1	0.3359078712
667	1	0.3355098845
668	1	0.3352585194
669	1	0.3348957459
670	1	0.3345999003
671	1	0.3343157119
672	1	0.3340241107
673	1	0.3338406877
674	1	0.3335134179
675	1	0.3332890029
676	1	0.3329595803
677	1	0.3326199517
678	1	0.3322755286
679	1	0.3319740507
680	1	0.3316691221
681	1	0.3312933083
682	1	0.3308876041
683	1	0.3305525471
684	1	0.3302543289
685	1	0.3299339979
686	1	0.3295862778
687	1	0.3293522603
688	1	0.3291170728
689	1	0.3288292008
690	1	0.3285317525
691	1	0.3282395415
692	1	0.327947028
693	1	0.3275884479
694	1	0.3273453313
695	1	0.3270623012
696	1	0.3267279244
697	1	0.3264998656
698	1	0.3261868415
699	1	0.3258088005
700	1	0.3254844979
701	1	0.3251021078
702	1	0.3247733444
703	1	0.3244385696
704	1	0.3240855014
705	1	0.3238226434
706	1	0.3235718672
707	1	0.3231429517
708	1	0.3229000754
709	1	0.3225778989
710	1	0.3222873244
711	1	0.3220182511
712	1	0.3217333782
713	1	0.321403856
714	1	0.3210187151
715	1	0.3207107582
716	1	0.3203061653
717	1	0.3199924218
718	1	0.3196425945
719	1	0.3193508146
720	1	0.3190732915
721	1	0.3187149109
722	1	0.3183451029
723	1	0.3179179278
724	1	0.31756017
725	1	0.3172764913
726	1	0.3169891655
727	1	0.3167020595
728	1	0.3164649595
729	1	0.3162342057
730	1	0.3159608533
731	1	0.3157269088
732	1	0.3153914038
733	1	0.3150768877
734	1	0.3147188056
735	1	0.3144194138
736	1	0.3140605108
737	1	0.3137033738
738	1	0.3133606966
739	1	0.3130142352
740	1	0.3126510873
741	1	0.3123623978
742	1	0.3121299369
743	1	0.3118350526
744	1	0.3115501034
745	1	0.3112551721
746	1	0.3109874581
747	1	0.3107084779
748	1	0.3104797957
749	1	0.3102503642
750	1	0.3098352816
751	1	0.3094833024
752	1	0.3091501126
753	1	0.3088629291
754	1	0.3086579309
755	1	0.3083642576
756	1	0.3081374511
757	1	0.3078363618
758	1	0.3075367254
759	1	0.3071968995
760	1	0.3069562897
761	1	0.3066456608
762	1	0.3063099855
763	1	0.3059819868
764	1	0.30571576
765	1	0.3053557053
766	1	0.3050108585
767	1	0.304824549
768	1	0.3044594884
769	1	0.3041692325
770	1	0.3039478899
771	1	0.3036763332
772	1	0.3033941297
773	1	0.3030430635
774	1	0.3028254945
775	1	0.3024762349
776	1	0.3022293644
777	1	0.3018810932
778	1	0.3016811501
779	1	0.3014567145
780	1	0.301159439
781	1	0.3008975633
782	1	0.3006408901
783	1	0.3003758184
784	1	0.3000400962
785	1	0.2996971302
786	1	0.2994811109
787	1	0.2992300157
788	1	0.2988506621
789	1	0.2986444129
790	1	0.2984416034
791	1	0.2981646503
792	1	0.2978557282
793	1	0.2975314331
794	1	0.2972026263
795	1	0.2968927496
796	1	0.296689619
797	1	0.296432203
798	1	0.2961853091
799	1	0.2958681493
800	1	0.2955778014
801	1	0.2952847661
802	1	0.2950569507
803	1	0.2948358855
804	1	0.294580346
805	1	0.2944118594
806	1	0.2940939374
807	1	0.2937471299
808	1	0.2935572939
809	1	0.2932622078
810	1	0.2929156054
811	1	0.2926253767
812	1	0.2923376539
813	1	0.2919910744
814	1	0.2917097486
815	1	0.2915065346
816	1	0.291208981
817	1	0.2907900827
818	1	0.2905292033
819	1	0.2903469985
820	1	0.29011789
821	1	0.2899304007
822	1	0.2897014461
823	1	0.2894221141
824	1	0.2892109492
825	1	0.2889624468
826	1	0.2886663732
827	1	0.288354697
828	1	0.2880440482
829	1	0.2877512179
830	1	0.2875077205
831	1	0.2872284897
832	1	0.2869411353
833	1	0.2866629412
834	1	0.2863405212
835	1	0.2861015175
836	1	0.2858357597
837	1	0.2856084384
838	1	0.2853138724
839	1	0.2850376765
840	1	0.2847786743
841	1	0.2845167996
842	1	0.2842811375
843	1	0.2840631109
844	1	0.2838216367
845	1	0.2836483553
846	1	0.2834144344
847	1	0.2831970681
848	1	0.283024925
849	1	0.282725188
850	1	0.282542214
851	1	0.2822272907
852	1	0.2819116981
853	1	0.2815943217
854	1	0.2814202177
855	1	0.2810371422
856	1	0.2807485004
857	1	0.2804850603
858	1	0.2803140593
859	1	0.2801001966
860	1	0.2799083458
861	1	0.2796984896
862	1	0.2794659298
863	1	0.2792483774
864	1	0.2790711096
865	1	0.2788223714
866	1	0.2786716531
867	1	0.2783914069
868	1	0.2780783797
869	1	0.2778289813
870	1	0.2775825529
871	1	0.2773098739
872	1	0.2770656269
873	1	0.2768588124
874	1	0.2766608557
875	1	0.2763804972
876	1	0.2762659808
877	1	0.2760372447
878	1	0.2757814455
879	1	0.2755958506
880	1	0.2752692501
881	1	0.274982192
882	1	0.2747319732
883	1	0.2744614108
884	1	0.2741805635
885	1	0.2739758367
886	1	0.2737459951
887	1	0.2735846153
888	1	0.2733411576
889	1	0.2731762292
890	1	0.2729769091
891	1	0.2726278094
892	1	0.272356515
893	1	0.2721474019
894	1	0.2719069928
895	1	0.271675927
896	1	0.2713954649
897	1	0.2711240128
898	1	0.2708401338
899	1	0.2705921687
900	1	0.2703565459
901	1	0.2701386072
902	1	0.2698583915
903	1	0.2696841998
904	1	0.269484755
905	1	0.2693001118
906	1	0.2691361356
907	1	0.268953358
908	1	0.2687178988
909	1	0.2685470651
910	1	0.268311623
911	1	0.2680509145
912	1	0.2678266209
913	1	0.2675929056
914	1	0.2673235021
915	1	0.2670412016
916	1	0.2667155078
917	1	0.2663891408
918	1	0.2661250599
919	1	0.2659037791
920	1	0.2657375958
921	1	0.2655093789
922	1	0.2653489208
923	1	0.2650801621
924	1	0.2648380155
925	1	0.2644815537
926	1	0.2643173608
927	1	0.2640443491
928	1	0.2637942687
929	1	0.2635066997
930	1	0.2632657736
931	1	0.2629965359
932	1	0.2627979461
933	1	0.2625443317
934	1	0.2623506791
935	1	0.2620725986
936	1	0.2618140304
937	1	0.2615345113
938	1	0.2612925318
939	1	0.2610913207
940	1	0.2608673487
941	1	0.2606268105
942	1	0.2603570823
943	1	0.2601486771
944	1	0.2598807684
945	1	0.2596939068
946	1	0.2594856738
947	1	0.2592804278
948	1	0.2590805729
949	1	0.2587680503
950	1	0.2586321504
951	1	0.2583137209
952	1	0.2580102979
953	1	0.2577905122
954	1	0.2575863085
955	1	0.2573681857
956	1	0.2571332174
957	1	0.2569607653
958	1	0.2566446885
959	1	0.256412673
960	1	0.256122092
961	1	0.2559462223
962	1	0.255781493
963	1	0.2554608386
964	1	0.2552286239
965	1	0.2550581697
966	1	0.2548961761
967	1	0.2546781577
968	1	0.2544691395
969	1	0.2542634914
970	1	0.2541327396
971	1	0.2539815145
972	1	0.2537880019
973	1	0.2535828969
974	1	0.2534161843
975	1	0.2532700601
976	1	0.2531281035
977	1	0.2528354275
978	1	0.2526533463
979	1	0.2524189953
980	1	0.25218069
981	1	0.2519798422
982	1	0.251772837
983	1	0.2514940442
984	1	0.2512733906
985	1	0.2510675395
986	1	0.2508406014
987	1	0.2505727294
988	1	0.2504361815
989	1	0.2502337883
990	1	0.2500364747
991	1	0.2498576965
992	1	0.2495876402
993	1	0.2493714397
994	1	0.2491804376
995	1	0.2489802253
996	1	0.2488637036
997	1	0.2486210028
998	1	0.2484567435
999	1	0.2482112552
1000	1	0.247978372
1001	1	0.247727457
1002	1	0.2475081261
1003	1	0.247275143
1004	1	0.2471026102
1005	1	0.2469002803
1006	1	0.2467328208
1007	1	0.2464799939
1008	1	0.2462692701
1009	1	0.2460746641
1010	1	0.2458846948
1011	1	0.2456475481
1012	1	0.2454820283
1013	1	0.2452604117
1014	1	0.2450345431
1015	1	0.244857732
1016	1	0.2446991286
1017	1	0.2445445045
1018	1	0.2444086722
1019	1	0.2442152409
1020	1	0.2440066159
1021	1	0.2437726651
1022	1	0.2434594533
1023	1	0.2432004796
1024	1	0.2430228903
1025	1	0.2427720567
1026	1	0.2426327426
1027	1	0.2423990046
1028	1	0.242184302
1029	1	0.2419567755
1030	1	0.2417676765
1031	1	0.2415812873
1032	1	0.2414886781
1033	1	0.241298025
1034	1	0.241057914
1035	1	0.2408336155
1036	1	0.240653447
1037	1	0.240466047
1038	1	0.2402297035
1039	1	0.2400311529
1040	1	0.2398157038
1041	1	0.2395298319
1042	1	0.2393047206
1043	1	0.2391390695
1044	1	0.2389702377
1045	1	0.2388196846
1046	1	0.2386050383
1047	1	0.2383646442
1048	1	0.2381882754
1049	1	0.2379501881
1050	1	0.2376998197
1051	1	0.2375395002
1052	1	0.2373277026
1053	1	0.2371325822
1054	1	0.2369178038
1055	1	0.2366124928
1056	1	0.2364881884
1057	1	0.2363191707
1058	1	0.2361416362
1059	1	0.2360244845
1060	1	0.2357733581
1061	1	0.2355612394
1062	1	0.2354094955
1063	1	0.2351588558
1064	1	0.2349566489
1065	1	0.2347406381
1066	1	0.2345063763
1067	1	0.234352949
1068	1	0.2342152647
1069	1	0.2339771257
1070	1	0.2337634002
1071	1	0.2336171965
1072	1	0.2334271744
1073	1	0.2332206939
1074	1	0.2329526634
1075	1	0.2327774941
1076	1	0.2325376874
1077	1	0.2323216951
1078	1	0.2321755736
1079	1	0.2319450446
1080	1	0.2317037317
1081	1	0.2315893918
1082	1	0.2313999997
1083	1	0.2311362517
1084	1	0.2309692798
1085	1	0.230720961
1086	1	0.230498342
1087	1	0.2303553559
1088	1	0.2301445973
1089	1	0.2299656879
1090	1	0.2297864763
1091	1	0.2296174431
1092	1	0.2294431311
1093	1	0.2292478899
1094	1	0.2290785853
1095	1	0.2288516317
1096	1	0.2285941401
1097	1	0.2284674866
1098	1	0.2282371644
1099	1	0.2280446415
1100	1	0.2278196016
1101	1	0.2276132272
1102	1	0.2274841574
1103	1	0.2272615727
1104	1	0.2271318714
1105	1	0.2269598254
1106	1	0.2267512237
1107	1	0.2265645421
1108	1	0.2263048577
1109	1	0.2261343169
1110	1	0.2260198857
1111	1	0.2258744471
1112	1	0.2257515147
1113	1	0.2256157622
1114	1	0.2253989108
1115	1	0.2252550259
1116	1	0.2251332195
1117	1	0.2249228761
1118	1	0.2247523871
1119	1	0.2245052837
1120	1	0.2243244307
1121	1	0.224113439
1122	1	0.2239655246
1123	1	0.2237420221
1124	1	0.2235076065
1125	1	0.2233653101
1126	1	0.2231652979
1127	1	0.2229384368
1128	1	0.2227377474
1129	1	0.222614985
1130	1	0.2224434771
1131	1	0.2222438099
1132	1	0.222080856
1133	1	0.2218699945
1134	1	0.2216427319
1135	1	0.2214703224
1136	1	0.2213006305
1137	1	0.2211103576
1138	1	0.22096656
1139	1	0.2208445553
1140	1	0.2206665791
1141	1	0.2204790544
1142	1	0.220335568
1143	1	0.2201473924
1144	1	0.2199875633
1145	1	0.219860148
1146	1	0.2196270484
1147	1	0.2194755142
1148	1	0.2192848376
1149	1	0.2191324865
1150	1	0.2189346574
1151	1	0.2187966636
1152	1	0.2187064012
1153	1	0.2185442109
1154	1	0.2183250198
1155	1	0.2181711965
1156	1	0.2179926189
1157	1	0.217833583
1158	1	0.2177217069
1159	1	0.2175281695
1160	1	0.2173599337
1161	1	0.2171312045
1162	1	0.2169875519
1163	1	0.2168348586
1164	1	0.2166728801
1165	1	0.2165137515
1166	1	0.2163493447
1167	1	0.2161970829
1168	1	0.216016436
1169	1	0.2158682532
1170	1	0.215763227
1171	1	0.2156151992
1172	1	0.2153973814
1173	1	0.2152514743
1174	1	0.2150851862
1175	1	0.2149153147
1176	1	0.2147618781
1177	1	0.2146192462
1178	1	0.2144576091
1179	1	0.214263963
1180	1	0.2140699549
1181	1	0.2139083801
1182	1	0.2137273269
1183	1	0.2135616709
1184	1	0.2134202544
1185	1	0.213248815
1186	1	0.2130768908
1187	1	0.2128575498
1188	1	0.2126863071
1189	1	0.2125392716
1190	1	0.2123867563
1191	1	0.2121932839
1192	1	0.2120061551
1193	1	0.211801535
1194	1	0.2116498844
1195	1	0.2114900538
1196	1	0.2113484343
1197	1	0.2111914879
1198	1	0.2110879467
1199	1	0.2109203005
1200	1	0.2107584007
1201	1	0.2105652528
1202	1	0.2103994839
1203	1	0.2102045559
1204	1	0.2100891566
1205	1	0.2099398949
1206	1	0.2097697838
1207	1	0.2096001971
1208	1	0.209453294
1209	1	0.2092647369
1210	1	0.2090658384
1211	1	0.2089004878
1212	1	0.2087257539
1213	1	0.2085780233
1214	1	0.2084561945
1215	1	0.2083140377
1216	1	0.2081519987
1217	1	0.2079388458
1218	1	0.207789251
1219	1	0.2076669957
1220	1	0.2075209423
1221	1	0.2074066969
1222	1	0.2072055267
1223	1	0.2069867106
1224	1	0.2068509994
1225	1	0.2066604401
1226	1	0.2065261805
1227	1	0.2064166159
1228	1	0.2063011073
1229	1	0.2061267238
1230	1	0.2059922208
1231	1	0.2057525721
1232	1	0.2056174454
1233	1	0.2054455591
1234	1	0.2052444401
1235	1	0.2050889664
1236	1	0.2049278531
1237	1	0.2047182947
1238	1	0.2045454759
1239	1	0.2043851229
1240	1	0.2042140051
1241	1	0.2040823027
1242	1	0.203920269
1243	1	0.20378242
1244	1	0.2035717446
1245	1	0.2033729055
1246	1	0.2032357524
1247	1	0.2030515468
1248	1	0.2028829276
1249	1	0.2027674004
1250	1	0.2025941656
1251	1	0.2024965647
1252	1	0.2023451542
1253	1	0.2021957185
1254	1	0.2020865912
1255	1	0.2019727406
1256	1	0.2018670809
1257	1	0.2017473359
1258	1	0.201612578
1259	1	0.2014409128
1260	1	0.2013027093
1261	1	0.201140839
1262	1	0.2010048839
1263	1	0.20085434
1264	1	0.2006939201
1265	1	0.2005597602
1266	1	0.2004429812
1267	1	0.200291538
1268	1	0.2001317501
1269	1	0.2000375646
1270	1	0.1998229728
1271	1	0.1996660555
1272	1	0.1994995687
1273	1	0.1993111747
1274	1	0.1991831837
1275	1	0.199080024
1276	1	0.1989727624
1277	1	0.1987686372
1278	1	0.19858202
1279	1	0.1984573312
1280	1	0.1983606673
1281	1	0.1982143748
1282	1	0.1980648957
1283	1	0.1979360168
1284	1	0.1977792229
1285	1	0.1976509267
1286	1	0.1975175025
1287	1	0.1973617212
1288	1	0.1972327175
1289	1	0.1970907169
1290	1	0.196918656
1291	1	0.1967282202
1292	1	0.1965850694
1293	1	0.1964405738
1294	1	0.1962755557
1295	1	0.1961454716
1296	1	0.1959755164
1297	1	0.1958693286
1298	1	0.1957073694
1299	1	0.1955584634
1300	1	0.1954129868
1301	1	0.1952760139
1302	1	0.1951017751
1303	1	0.1948938364
1304	1	0.1947276394
1305	1	0.194608966
1306	1	0.1944846873
1307	1	0.1943007164
1308	1	0.1941183974
1309	1	0.193959314
1310	1	0.1937657262
1311	1	0.1936679192
1312	1	0.1935415922
1313	1	0.1934028997
1314	1	0.1932477191
1315	1	0.1931212554
1316	1	0.1929840098
1317	1	0.1928547216
1318	1	0.1927591606
1319	1	0.1926006686
1320	1	0.1925423606
1321	1	0.192389687
1322	1	0.1922359308
1323	1	0.1920862218
1324	1	0.191949
1325	1	0.1918073019
1326	1	0.1916366664
1327	1	0.1914860084
1328	1	0.191310221
1329	1	0.1911936618
1330	1	0.1909756316
1331	1	0.1908357946
1332	1	0.1907277627
1333	1	0.1905904303
1334	1	0.1904213859
1335	1	0.1903022693
1336	1	0.1901721413
1337	1	0.190014712
1338	1	0.1898157942
1339	1	0.189663462
1340	1	0.189495409
1341	1	0.189361462
1342	1	0.1892442103
1343	1	0.1891066649
1344	1	0.1890102931
1345	1	0.1889008794
1346	1	0.1887250189
1347	1	0.1886203255
1348	1	0.1884951701
1349	1	0.1883352428
1350	1	0.1881669009
1351	1	0.188022077
1352	1	0.1879066176
1353	1	0.187766953
1354	1	0.1876849676
1355	1	0.1875519078
1356	1	0.1874332796
1357	1	0.1872937879
1358	1	0.1871540513
1359	1	0.1870496276
1360	1	0.1869119959
1361	1	0.1867573671
1362	1	0.1865823589
1363	1	0.1864330802
1364	1	0.1862573856
1365	1	0.1861221593
1366	1	0.1859589135
1367	1	0.1858021868
1368	1	0.1856225104
1369	1	0.1854594274
1370	1	0.1853042372
1371	1	0.1851865213
1372	1	0.1850405837
1373	1	0.1848839658
1374	1	0.184766481
1375	1	0.184638982
1376	1	0.1845495947
1377	1	0.1844258203
1378	1	0.1842637842
1379	1	0.1841429028
1380	1	0.1840272082
1381	1	0.1838767063
1382	1	0.183739517
1383	1	0.1836331398
1384	1	0.1835243922
1385	1	0.1833956638
1386	1	0.1832490748
1387	1	0.1831156147
1388	1	0.1829894919
1389	1	0.1828201884
1390	1	0.1827007251
1391	1	0.1825993866
1392	1	0.1824968901
1393	1	0.1823889652
1394	1	0.1822323609
1395	1	0.1821328424
1396	1	0.1820316612
1397	1	0.1819473408
1398	1	0.1818111534
1399	1	0.1816361865
1400	1	0.1815071638
1401	1	0.1814278427
1402	1	0.1812919604
1403	1	0.1811621721
1404	1	0.1810022531
1405	1	0.1809177824
1406	1	0.1807664495
1407	1	0.1806888828
1408	1	0.1805323701
1409	1	0.1803835065
1410	1	0.1802624172
1411	1	0.1801083438
1412	1	0.1799955592
1413	1	0.1798273084
1414	1	0.1797230461
1415	1	0.1795901129
1416	1	0.1794460617
1417	1	0.1793352146
1418	1	0.1792092594
1419	1	0.1790957934
1420	1	0.1789732284
1421	1	0.1788687288
1422	1	0.1787660007
1423	1	0.1786342558
1424	1	0.1784930025
1425	1	0.1784142497
1426	1	0.1782891821
1427	1	0.1781763391
1428	1	0.1780694807
1429	1	0.1779187128
1430	1	0.1777859363
1431	1	0.1776728255
1432	1	0.1775679493
1433	1	0.17743681
1434	1	0.1772807644
1435	1	0.1771431044
1436	1	0.1770467253
1437	1	0.1769714009
1438	1	0.1769015191
1439	1	0.1767129324
1440	1	0.1765432784
1441	1	0.1763986804
1442	1	0.176250981
1443	1	0.1761073516
1444	1	0.1759664061
1445	1	0.1758234273
1446	1	0.1757374453
1447	1	0.1756042679
1448	1	0.1755050786
1449	1	0.1754217781
1450	1	0.1753122229
1451	1	0.1751867248
1452	1	0.1750352305
1453	1	0.1749284754
1454	1	0.1748200252
1455	1	0.1746739416
1456	1	0.1745543075
1457	1	0.1744175465
1458	1	0.1743248885
1459	1	0.1742079823
1460	1	0.1740397224
1461	1	0.1739401049
1462	1	0.1738334576
1463	1	0.173705187
1464	1	0.1735771585
1465	1	0.1734525387
1466	1	0.1733167013
1467	1	0.1731664837
1468	1	0.1730796047
1469	1	0.1729974425
1470	1	0.1728788754
1471	1	0.1727713611
1472	1	0.1726809067
1473	1	0.1725841983
1474	1	0.1724391077
1475	1	0.172270459
1476	1	0.1721790696
1477	1	0.1720471845
1478	1	0.1718991328
1479	1	0.1717706664
1480	1	0.1716403576
1481	1	0.1715463995
1482	1	0.1714544251
1483	1	0.1713382532
1484	1	0.1712213014
1485	1	0.171073444
1486	1	0.1709789143
1487	1	0.1708589241
1488	1	0.1707607528
1489	1	0.1706721265
1490	1	0.1705249571
1491	1	0.1704036885
1492	1	0.1703054642
1493	1	0.1701751233
1494	1	0.170057205
1495	1	0.1699453856
1496	1	0.1697968856
1497	1	0.1697247602
1498	1	0.169584177
1499	1	0.1695028797
