"Имя","1:02","1:03","1:04","1:05","1:06","1:07","1:08","1:09","1:10","1:11","1:12","1:13","1:14","1:15","1:16","1:17","1:18","1:19","1:20","1:21","2:03","2:04","2:05","2:06","2:07","2:08","2:09","2:10","2:11","2:12","2:13","2:14","2:15","2:16","2:17","2:18","2:19","2:20","2:21","3:04","3:05","3:06","3:07","3:08","3:09","3:10","3:11","3:12","3:13","3:14","3:15","3:16","3:17","3:18","3:19","3:20","3:21","4:05","4:06","4:07","4:08","4:09","4:10","4:11","4:12","4:13","4:14","4:15","4:16","4:17","4:18","4:19","4:20","4:21","5:06","5:07","5:08","5:09","5:10","5:11","5:12","5:13","5:14","5:15","5:16","5:17","5:18","5:19","5:20","5:21","6:07","6:08","6:09","6:10","6:11","6:12","6:13","6:14","6:15","6:16","6:17","6:18","6:19","6:20","6:21","7:08","7:09","7:10","7:11","7:12","7:13","7:14","7:15","7:16","7:17","7:18","7:19","7:20","7:21","8:09","8:10","8:11","8:12","8:13","8:14","8:15","8:16","8:17","8:18","8:19","8:20","8:21","9:10","9:11","9:12","9:13","9:14","9:15","9:16","9:17","9:18","9:19","9:20","9:21","10:11","10:12","10:13","10:14","10:15","10:16","10:17","10:18","10:19","10:20","10:21","11:12","11:13","11:14","11:15","11:16","11:17","11:18","11:19","11:20","11:21","12:13","12:14","12:15","12:16","12:17","12:18","12:19","12:20","12:21","13:14","13:15","13:16","13:17","13:18","13:19","13:20","13:21","14:15","14:16","14:17","14:18","14:19","14:20","14:21","15:16","15:17","15:18","15:19","15:20","15:21","16:17","16:18","16:19","16:20","16:21","17:18","17:19","17:20","17:21","18:19","18:20","18:21","19:20","19:21","20:21"
"АзиЛВ","0.973","0.948","0.957","0.906","0.920","0.892","0.851","0.779","0.778","0.670","0.678","0.691","0.741","0.606","0.630","0.438","0.429","0.201","-0.606","-0.588","0.997","0.921","0.941","0.958","0.982","0.955","0.789","0.740","0.912","0.917","0.893","0.650","0.351","0.321","0.751","0.753","-0.358","0.335","-0.332","0.858","0.924","0.962","0.988","0.972","0.677","0.772","0.926","0.938","0.928","0.516","0.338","0.357","0.691","0.772","-0.381","0.124","-0.515","0.873","0.926","0.808","0.634","0.869","0.831","0.552","0.478","0.511","0.843","0.541","0.582","-0.171","0.228","-0.160","-0.573","-0.552","0.952","0.931","0.835","0.706","0.763","0.672","0.747","0.645","0.441","0.315","0.235","0.352","0.501","-0.258","-0.738","-0.830","0.960","0.925","0.736","0.931","0.838","0.851","0.868","0.544","0.659","0.750","0.269","0.629","-0.091","-0.707","-0.788","0.984","0.711","0.820","0.969","0.975","0.968","0.510","0.454","0.459","0.779","0.845","-0.333","0.383","-0.437","0.355","0.736","0.919","0.942","0.966","0.180","0.147","0.230","0.771","0.893","-0.355","0.389","-0.421","0.883","0.756","0.692","0.459","0.920","0.816","0.654","0.476","0.085","0.460","0.194","0.114","0.952","0.912","0.834","0.932","0.987","0.966","0.863","0.723","0.815","0.644","0.531","0.997","0.954","0.849","0.933","0.929","0.973","0.892","0.700","0.897","0.854","0.975","0.761","0.880","0.914","0.980","0.920","0.603","0.871","0.845","0.560","0.632","0.708","0.963","0.965","-0.085","0.742","0.642","0.920","0.856","0.778","0.457","0.513","0.677","0.643","0.982","0.914","0.624","0.947","0.879","0.850","0.956","0.747","0.895","0.877","0.898","0.883","0.910","0.980","0.981","0.216","0.802","0.792","0.948","0.934","0.992"
"АнтЛВ","0.991","0.971","0.984","0.986","0.987","0.986","0.974","0.984","0.981","0.981","0.986","0.958","0.836","0.845","0.851","0.874","0.874","-0.510","-0.674","-0.486","0.975","0.974","0.984","0.984","0.993","0.952","0.957","0.950","0.971","0.981","0.939","0.860","0.739","0.588","0.707","0.574","-0.485","-0.193","-0.339","0.848","0.902","0.965","0.971","0.973","0.877","0.830","0.771","0.907","0.982","0.722","0.809","0.798","0.626","0.669","-0.418","-0.565","-0.566","0.938","0.933","0.816","0.699","0.934","0.726","0.864","0.938","0.811","0.777","0.608","0.677","0.784","0.756","-0.528","-0.425","-0.204","0.991","0.945","0.973","0.993","0.990","0.988","0.987","0.919","0.876","0.899","0.908","0.894","0.656","-0.374","-0.521","-0.603","0.979","0.968","0.979","0.980","0.973","0.976","0.960","0.659","0.767","0.857","0.750","0.830","-0.369","-0.759","-0.584","0.980","0.931","0.944","0.940","0.950","0.954","0.857","0.895","0.847","0.796","0.566","-0.389","-0.275","-0.546","0.957","0.975","0.941","0.966","0.997","0.873","0.880","0.898","0.822","0.884","-0.242","-0.703","-0.842","0.983","0.987","0.984","0.895","0.887","0.901","0.891","0.869","0.741","0.112","0.239","-0.382","0.998","0.969","0.892","0.863","0.957","0.931","0.948","0.363","0.527","0.245","-0.728","0.980","0.809","0.881","0.950","0.926","0.936","0.188","0.295","0.510","-0.398","0.958","0.922","0.938","0.953","0.946","0.826","0.537","0.354","0.116","0.854","0.852","0.878","0.785","0.919","-0.233","-0.763","-0.754","0.922","0.842","0.889","0.903","0.630","0.654","0.164","0.986","0.961","0.840","0.915","0.778","0.652","0.972","0.898","0.927","0.778","0.722","0.930","0.903","0.881","0.846","0.565","-0.536","0.339","0.933","0.863","0.949"
"АндрЛВ","0.947","0.918","0.986","0.951","0.960","0.896","0.672","0.767","0.951","0.889","0.895","0.827","0.875","0.796","0.777","0.728","0.785","0.701","0.533","0.280","0.993","0.919","0.982","0.974","0.987","0.773","0.285","0.905","0.959","0.964","0.977","0.814","0.734","0.725","0.866","0.943","0.589","0.803","0.291","0.872","0.965","0.967","0.981","0.917","0.604","0.888","0.935","0.948","0.989","0.848","0.787","0.773","0.863","0.960","0.723","0.738","0.312","0.910","0.940","0.825","0.162","0.341","0.913","0.826","0.843","0.743","0.768","0.684","0.656","0.721","0.678","0.312","0.609","0.128","0.985","0.959","0.763","0.705","0.922","0.908","0.922","0.936","0.867","0.836","0.837","0.866","0.905","0.771","0.689","0.548","0.980","0.846","0.769","0.966","0.938","0.962","0.954","0.879","0.922","0.917","0.908","0.912","0.887","0.671","0.651","0.913","0.666","0.916","0.958","0.979","0.989","0.796","0.823","0.837","0.952","0.950","0.768","0.877","0.840","0.968","0.201","0.106","0.341","0.969","0.928","0.820","0.730","0.915","0.922","0.880","0.347","0.913","-0.405","-0.689","-0.684","0.709","0.896","0.937","0.866","0.862","0.646","0.889","-0.365","0.932","0.979","0.976","0.829","0.826","0.974","0.942","0.939","0.801","0.826","0.943","0.240","0.997","0.913","0.717","0.914","0.918","0.970","0.853","0.702","0.954","0.570","0.949","0.730","0.896","0.905","0.978","0.907","0.772","0.956","0.676","0.852","0.761","0.736","0.888","0.976","0.731","0.700","0.578","0.967","0.874","0.891","0.752","0.603","0.721","0.829","0.977","0.935","0.723","0.947","0.945","0.913","0.964","0.733","0.947","0.970","0.950","0.918","0.900","0.982","0.980","0.659","0.813","0.858","0.898","0.900","0.976"
"АнисЛВ","0.615","0.723","0.944","0.902","0.966","0.668","0.380","0.534","0.870","0.322","0.458","0.567","0.089","0.186","0.558","-0.277","0.420","-0.613","-0.803","-0.754","0.966","0.831","0.739","0.888","0.976","0.980","0.752","0.698","0.956","0.952","0.953","0.674","0.396","0.415","0.905","0.930","-0.375","0.671","0.743","0.761","0.828","0.916","0.982","0.932","0.572","0.740","0.911","0.930","0.927","0.461","0.438","0.630","0.848","0.873","-0.292","0.437","0.531","0.894","0.938","0.755","0.684","0.785","0.783","0.445","0.477","0.745","0.485","0.096","-0.150","-0.504","0.409","-0.841","-0.795","-0.749","0.960","0.833","0.668","0.654","0.926","0.706","0.815","0.727","0.199","0.175","0.714","0.467","0.623","-0.591","-0.784","-0.676","0.916","0.858","0.515","0.966","0.788","0.875","0.893","-0.068","0.445","0.904","0.688","0.796","-0.559","-0.774","-0.624","0.960","0.646","0.825","0.976","0.988","0.959","0.514","0.566","0.787","0.937","0.932","-0.142","0.513","0.600","0.307","0.765","0.946","0.952","0.978","0.213","-0.068","0.494","0.895","0.962","-0.323","0.517","0.651","0.791","0.775","0.661","0.423","0.989","0.845","0.419","0.557","0.448","0.409","0.399","0.273","0.918","0.897","0.880","0.711","0.900","0.948","0.866","0.847","0.327","0.094","0.169","0.995","0.940","0.778","0.889","0.915","0.989","0.941","0.767","0.949","0.931","0.969","0.614","0.844","0.918","0.988","0.960","0.624","0.884","0.898","0.303","0.580","0.779","0.946","0.992","0.251","0.618","0.754","0.921","0.529","0.650","0.448","0.722","0.746","0.660","0.976","0.929","0.765","0.932","0.861","0.867","0.943","0.831","0.886","0.773","0.876","0.958","0.855","0.941","0.936","0.603","0.793","0.874","0.936","0.914","0.991"
"ЯнЛВ","0.960","0.953","0.910","0.988","0.987","0.958","0.881","0.926","0.955","0.877","0.928","0.916","0.715","0.728","0.707","0.569","0.830","0.124","-0.183","-0.150","0.995","0.792","0.919","0.939","0.988","0.976","0.759","0.856","0.978","0.974","0.982","0.614","0.455","0.497","0.654","0.953","-0.235","0.632","0.674","0.792","0.908","0.948","0.995","0.971","0.769","0.818","0.976","0.980","0.979","0.666","0.447","0.433","0.800","0.952","-0.292","0.594","0.629","0.931","0.831","0.788","0.857","0.990","0.899","0.718","0.804","0.875","0.822","0.609","0.455","0.630","0.791","-0.154","-0.421","-0.458","0.993","0.942","0.853","0.928","0.990","0.887","0.939","0.872","0.919","0.902","0.939","0.520","0.874","0.728","0.163","0.358","0.960","0.893","0.889","0.979","0.883","0.959","0.916","0.935","0.938","0.964","0.437","0.927","0.758","0.201","0.438","0.974","0.801","0.891","0.980","0.994","0.979","0.748","0.689","0.700","0.789","0.967","0.249","0.746","0.786","0.853","0.742","0.912","0.971","0.995","0.870","0.549","0.613","0.873","0.981","-0.155","0.617","0.607","0.919","0.793","0.850","0.862","0.827","0.849","0.789","0.829","0.829","0.576","-0.080","-0.059","0.928","0.918","0.740","0.941","0.983","0.984","0.830","0.778","0.932","0.585","0.696","0.976","0.931","0.703","0.832","0.683","0.989","0.935","0.637","0.882","0.886","0.978","0.822","0.835","0.848","0.883","0.981","0.712","0.908","0.937","0.855","0.682","0.762","0.920","0.990","0.382","0.741","0.773","0.937","0.937","0.599","0.920","0.771","0.165","0.236","0.995","0.877","0.810","0.986","0.798","0.836","0.651","0.873","0.990","0.835","0.906","0.924","0.801","0.959","0.944","0.735","0.885","0.902","0.911","0.927","0.992"
"АратЛВ","0.654","0.778","0.990","0.992","0.989","0.774","0.727","0.999","0.980","0.167","-0.036","0.551","0.998","0.957","0.962","-0.553","-0.394","0.964","-0.495","-0.644","0.986","0.919","0.925","0.943","0.986","0.960","0.850","0.648","0.956","0.903","0.916","0.490","0.252","0.415","0.648","0.704","0.331","0.443","0.301","0.904","0.960","0.972","0.996","0.986","0.862","0.801","0.977","0.926","0.965","0.625","0.261","0.644","0.697","0.821","0.542","-0.555","-0.553","0.992","0.990","0.958","0.804","0.999","0.991","0.631","0.613","0.711","0.999","0.982","0.988","-0.354","-0.522","0.989","-0.384","-0.580","0.999","0.978","0.932","0.998","0.988","0.844","0.853","0.812","0.998","0.977","0.983","-0.308","0.436","0.976","-0.419","-0.598","0.986","0.938","0.997","0.982","0.863","0.853","0.810","0.997","0.970","0.979","-0.293","0.438","0.972","-0.443","-0.615","0.991","0.953","0.841","0.978","0.952","0.965","0.734","0.333","0.623","0.769","0.814","0.427","0.612","0.480","0.784","0.830","0.965","0.980","0.991","0.791","0.651","0.680","0.867","0.894","0.705","0.581","0.556","0.992","0.665","0.703","0.784","1.000","0.984","0.992","-0.377","-0.453","0.994","-0.426","-0.619","0.789","0.859","0.772","0.994","0.996","0.998","0.336","0.527","0.988","-0.280","-0.461","0.988","0.948","0.550","0.618","0.784","0.952","0.873","0.627","0.819","0.798","0.983","0.496","0.725","0.868","0.977","0.935","0.666","0.842","0.836","0.617","0.709","0.811","0.932","0.970","0.582","0.720","0.795","0.988","0.994","-0.330","-0.451","0.996","-0.393","-0.585","0.998","0.404","0.589","0.994","0.135","-0.311","0.610","0.666","0.997","0.253","-0.268","0.936","0.438","0.956","0.960","0.447","0.819","0.853","0.187","-0.361","0.982"
"БайЛВ","0.828","0.845","0.979","0.989","0.924","0.633","0.542","0.975","0.983","0.515","0.342","0.241","0.966","0.948","0.912","-0.305","-0.522","0.771","0.450","-0.551","0.994","0.739","0.739","0.736","0.988","0.948","0.658","0.692","0.981","0.968","0.965","0.666","0.385","-0.436","0.868","0.840","-0.326","0.759","0.811","0.761","0.783","0.737","0.976","0.949","0.682","0.743","0.975","0.959","0.964","0.712","0.479","0.392","0.861","0.830","-0.084","0.699","0.704","0.990","0.795","0.465","0.474","0.998","0.987","0.385","-0.239","0.157","0.998","0.957","0.939","-0.448","-0.621","0.864","0.604","-0.592","0.870","0.530","0.430","0.992","0.996","0.439","-0.264","-0.224","0.988","0.971","0.950","-0.483","-0.632","0.845","0.428","-0.619","0.569","0.564","0.760","0.880","0.476","0.341","-0.219","0.746","0.828","0.773","-0.417","-0.391","0.608","0.313","-0.631","0.896","0.402","0.474","0.982","0.973","0.954","0.399","-0.416","-0.499","0.896","0.866","-0.389","0.817","0.864","-0.219","0.463","0.952","0.955","0.972","0.304","-0.355","-0.364","0.900","0.886","-0.263","0.737","0.849","0.986","0.263","-0.386","-0.267","1.000","0.964","0.952","-0.535","-0.720","0.895","0.563","-0.621","0.459","-0.256","-0.237","0.986","0.989","0.969","-0.434","-0.603","0.884","0.541","-0.569","0.995","0.986","0.339","0.292","-0.318","0.955","0.922","-0.188","0.871","0.903","0.983","-0.386","-0.423","-0.423","0.974","0.956","-0.307","0.872","0.926","-0.271","-0.391","-0.337","0.962","0.941","-0.174","0.847","0.893","0.971","0.964","-0.516","-0.707","0.913","0.593","-0.603","0.991","-0.430","-0.669","0.959","0.721","-0.481","-0.332","-0.576","0.965","0.760","-0.335","0.979","-0.142","0.940","0.966","-0.555","0.788","0.945","0.829","0.124","0.964"
"БорисЛВ","0.787","0.743","0.977","0.997","0.993","0.774","0.727","0.976","0.985","0.704","0.693","0.683","0.969","0.974","0.972","0.620","0.689","0.961","0.417","0.492","0.978","0.694","0.827","0.762","0.988","0.988","0.685","0.793","0.982","0.973","0.975","0.608","0.587","0.386","0.977","0.971","0.278","0.923","0.918","0.584","0.771","0.745","0.960","0.983","0.582","0.689","0.944","0.930","0.909","0.597","0.595","0.437","0.945","0.929","0.185","0.904","0.896","0.980","0.986","0.707","0.624","0.994","0.979","0.639","0.599","0.533","0.985","0.973","0.967","0.486","0.726","0.970","0.289","0.327","0.996","0.833","0.778","0.980","0.993","0.780","0.767","0.777","0.970","0.978","0.971","0.720","0.783","0.953","0.565","0.623","0.817","0.769","0.985","0.998","0.778","0.783","0.729","0.975","0.985","0.979","0.680","0.717","0.963","0.428","0.499","0.989","0.708","0.821","0.990","0.986","0.964","0.650","0.711","0.563","0.968","0.966","0.380","0.906","0.881","0.618","0.751","0.969","0.964","0.958","0.517","0.597","0.320","0.961","0.970","0.105","0.895","0.882","0.977","0.665","0.620","0.524","0.989","0.982","0.971","0.505","0.694","0.971","0.318","0.354","0.828","0.818","0.750","0.976","0.985","0.974","0.774","0.767","0.969","0.636","0.669","0.996","0.946","0.667","0.734","0.620","0.983","0.943","0.488","0.944","0.928","0.944","0.637","0.734","0.672","0.980","0.937","0.462","0.945","0.912","0.513","0.651","0.471","0.960","0.968","0.297","0.932","0.924","0.970","0.969","0.578","0.424","0.964","0.454","0.466","0.995","0.750","0.606","0.986","0.638","0.683","0.703","-0.363","0.990","0.595","0.597","0.944","0.569","0.984","0.977","0.172","0.877","0.864","0.640","0.597","0.986"
"БретЛВ","0.768","0.727","0.963","0.835","0.137","0.581","0.382","0.169","0.690","0.407","-0.302","-0.363","0.339","0.352","0.267","0.334","-0.172","-0.266","-0.457","-0.398","0.901","0.901","0.599","0.441","0.873","0.788","0.366","-0.231","0.835","0.678","0.506","-0.253","-0.217","-0.365","0.706","0.483","-0.366","0.555","0.424","0.775","0.461","0.844","0.892","0.920","0.522","0.494","0.738","0.748","0.805","0.374","0.448","0.637","0.656","0.383","-0.138","0.335","0.078","0.855","0.382","0.711","0.499","0.417","0.712","0.514","-0.116","-0.094","0.465","0.505","0.446","0.358","0.061","-0.175","-0.327","-0.188","0.687","0.634","0.201","0.701","0.692","0.583","0.284","0.263","0.634","0.721","0.723","0.367","0.238","-0.158","-0.149","0.146","0.959","0.791","0.979","0.885","0.817","0.911","0.929","0.922","0.779","0.969","0.817","0.905","0.928","0.787","0.843","0.894","0.746","0.733","0.929","0.944","0.914","0.600","0.701","0.815","0.851","0.762","0.256","0.741","0.563","0.489","0.418","0.819","0.873","0.951","0.370","0.483","0.733","0.784","0.650","0.094","0.514","0.284","0.689","0.622","0.834","0.747","0.913","0.843","0.918","0.575","0.715","0.555","0.519","0.617","0.916","0.879","0.556","0.693","0.906","0.930","0.852","0.678","0.700","0.605","0.483","0.959","0.801","0.729","0.920","0.916","0.982","0.938","0.289","0.818","0.615","0.972","0.707","0.621","0.858","0.947","0.979","0.884","0.978","0.982","0.704","0.610","0.812","0.814","0.931","0.683","0.881","0.897","0.931","0.944","0.641","0.638","-0.339","0.340","0.508","0.982","0.917","0.661","0.492","0.494","0.272","0.952","0.841","0.839","0.712","0.638","0.953","0.429","0.901","0.812","0.354","0.936","0.936","0.814","0.533","0.951"
"ВинЛВ","0.970","0.948","0.970","0.988","0.988","0.897","0.614","0.893","0.886","0.717","0.743","0.497","0.891","0.820","0.849","0.751","0.611","0.716","0.582","0.594","0.994","0.860","0.934","0.953","0.983","0.919","0.687","0.751","0.852","0.875","0.862","0.691","0.623","0.674","0.762","0.883","0.413","0.505","0.705","0.496","0.913","0.971","0.994","0.974","0.454","0.773","0.763","0.852","0.927","0.293","0.613","0.703","0.686","0.876","0.353","-0.267","0.149","0.981","0.967","0.341","-0.591","0.981","0.944","0.768","0.672","0.302","0.977","0.915","0.890","0.749","0.169","0.851","0.824","0.779","0.996","0.858","0.710","0.937","0.943","0.738","0.774","0.623","0.920","0.907","0.925","0.809","0.420","0.826","0.672","0.726","0.961","0.921","0.942","0.972","0.684","0.771","0.735","0.962","0.952","0.952","0.682","0.609","0.884","0.241","0.561","0.970","0.284","0.681","0.889","0.947","0.942","-0.193","0.446","0.606","0.802","0.917","0.090","0.262","0.136","-0.217","0.749","0.487","0.802","0.962","-0.387","0.681","0.744","0.567","0.841","0.492","-0.567","-0.122","0.982","0.686","0.629","0.433","0.996","0.975","0.957","0.751","0.311","0.948","0.872","0.828","0.874","0.869","0.678","0.988","0.996","0.991","0.869","0.217","0.970","0.797","0.843","0.992","0.869","0.697","0.850","0.839","0.979","0.784","0.712","0.948","0.888","0.942","0.648","0.848","0.856","0.979","0.883","0.724","0.944","0.905","0.426","0.695","0.728","0.923","0.944","0.616","0.770","0.912","0.989","0.975","0.680","-0.310","0.982","0.872","0.871","0.993","0.891","0.239","0.987","0.900","0.919","0.895","0.226","0.974","0.869","0.870","0.902","0.844","0.971","0.918","0.183","0.792","0.857","0.936","0.922","0.960"
"ВолЛВ","0.986","0.983","0.904","0.992","0.993","0.980","0.883","0.938","0.981","0.950","0.944","0.931","0.968","0.918","0.867","0.477","0.823","0.750","-0.250","-0.080","0.991","0.877","0.980","0.975","0.995","0.900","0.908","0.958","0.946","0.964","0.942","0.952","0.876","0.789","0.680","0.869","0.657","0.484","0.429","0.899","0.979","0.983","0.984","0.965","0.936","0.958","0.925","0.936","0.983","0.981","0.887","0.810","0.576","0.880","0.690","0.330","0.330","0.898","0.875","0.751","0.654","0.998","0.864","0.726","0.513","0.271","0.861","0.559","0.396","-0.254","-0.318","-0.202","-0.565","-0.485","0.996","0.956","0.831","0.936","0.995","0.949","0.939","0.876","0.927","0.938","0.928","0.514","0.739","0.804","-0.240","-0.025","0.961","0.869","0.917","0.991","0.936","0.943","0.912","0.920","0.938","0.929","0.517","0.781","0.836","-0.254","-0.082","0.912","0.811","0.942","0.975","0.984","0.951","0.905","0.888","0.837","0.817","0.899","0.707","0.638","0.601","0.725","0.784","0.783","0.829","0.979","0.848","0.632","0.484","0.443","0.841","0.365","0.233","0.292","0.906","0.771","0.616","0.442","0.912","0.669","0.508","-0.164","-0.215","-0.043","-0.510","-0.432","0.953","0.944","0.850","0.930","0.973","0.965","0.592","0.732","0.879","-0.160","0.073","0.986","0.823","0.879","0.955","0.907","0.903","0.735","0.796","0.785","0.740","0.918","0.863","0.946","0.905","0.924","0.939","0.804","0.780","0.775","0.860","0.768","0.679","0.667","0.929","0.613","0.434","0.489","0.909","0.827","0.436","0.691","0.732","0.190","0.227","0.991","0.873","0.843","0.959","0.648","0.680","0.898","0.783","0.970","0.667","0.732","0.910","0.886","0.960","0.961","0.711","0.753","0.806","0.894","0.884","0.981"
"ГорЛВ","0.828","0.895","0.781","0.951","0.925","0.835","0.775","0.800","0.947","0.462","0.719","0.795","0.538","0.857","0.723","0.532","0.239","0.434","-0.259","0.571","0.961","0.501","0.533","0.846","0.830","0.746","0.745","0.869","0.649","0.926","0.648","-0.148","0.628","0.630","0.987","0.667","0.803","0.826","0.779","0.938","0.545","0.889","0.833","0.942","0.826","0.942","-0.166","0.877","0.912","0.407","0.652","0.665","0.951","0.720","0.934","0.658","0.836","0.866","0.555","0.494","0.906","0.966","0.728","-0.754","0.812","0.938","0.590","0.852","0.924","0.665","0.379","0.919","0.233","0.830","0.978","0.600","0.571","0.674","0.877","0.566","0.297","0.323","0.778","0.957","0.965","0.424","-0.176","0.854","-0.415","-0.316","0.775","0.537","0.735","0.876","0.717","0.813","0.638","0.453","0.949","0.931","0.746","0.596","0.947","-0.511","0.620","0.776","0.923","0.282","0.753","0.904","0.785","0.407","0.440","0.668","0.780","0.847","0.509","0.837","0.846","0.864","0.606","0.411","0.863","0.999","0.350","0.131","0.212","0.875","0.628","0.811","0.542","0.792","0.526","0.619","0.916","0.947","0.253","0.792","0.385","0.681","0.387","0.591","0.272","0.705","-0.536","0.604","0.626","-0.127","0.950","0.918","0.885","0.168","0.971","0.609","0.326","0.851","0.894","-0.456","0.250","-0.365","0.427","-0.457","-0.646","0.821","0.562","0.739","0.698","0.552","0.109","0.923","0.832","0.527","0.922","0.905","0.217","-0.249","0.275","0.876","0.298","0.811","0.364","0.704","0.703","0.383","0.413","0.781","0.748","0.726","0.767","0.986","0.810","0.408","0.971","0.577","0.365","0.855","0.788","0.981","0.382","0.372","0.812","0.935","0.936","0.780","0.814","0.937","0.695","0.761","0.714","0.913"
"ДанЛВ","0.852","-0.334","0.851","0.808","0.594","-0.212","-0.104","0.702","0.696","0.444","0.275","0.242","0.758","0.600","0.582","0.295","0.358","0.461","0.224","0.111","0.985","0.805","0.949","0.960","0.914","0.643","0.572","0.819","0.965","0.963","0.919","0.704","0.677","0.665","0.955","0.875","0.188","0.862","0.833","0.533","0.935","0.955","0.950","0.858","0.556","0.911","0.943","0.902","0.863","0.798","0.869","0.874","0.896","0.827","0.700","0.718","0.785","0.939","0.864","0.504","0.096","0.789","0.893","0.730","0.624","0.392","0.775","0.814","0.806","0.554","0.398","0.536","0.444","0.384","0.985","0.845","0.181","0.722","0.987","0.856","0.802","0.700","0.874","0.954","0.974","0.755","0.624","0.688","0.613","0.650","0.889","0.351","0.740","0.958","0.877","0.861","0.761","0.856","0.925","0.976","0.796","0.670","0.705","0.538","0.597","0.244","0.429","0.848","0.975","0.971","0.936","0.703","0.782","0.840","0.941","0.849","0.557","0.891","0.922","0.051","-0.213","-0.310","-0.608","-0.319","-0.260","-0.156","-0.332","-0.457","-0.105","0.115","-0.158","-0.288","-0.169","-0.136","0.256","0.313","0.927","-0.181","0.596","0.232","0.204","0.290","0.120","0.197","0.916","0.846","0.752","0.838","0.988","0.985","0.844","0.700","0.838","0.787","0.766","0.991","0.958","0.696","0.880","0.873","0.985","0.909","0.614","0.947","0.932","0.983","0.680","0.801","0.872","0.994","0.943","0.565","0.945","0.949","0.543","0.656","0.794","0.987","0.952","0.280","0.910","0.937","0.861","0.878","0.683","0.566","0.744","0.649","0.590","0.983","0.845","0.659","0.945","0.891","0.809","0.887","0.764","0.895","0.878","0.881","0.966","0.716","0.969","0.971","0.423","0.904","0.922","0.948","0.818","0.986"
"ЖувЛВ","-0.698","0.852","0.864","0.807","0.941","0.951","0.919","0.752","0.702","0.784","0.515","0.914","0.267","0.274","0.683","0.517","0.859","0.215","0.153","0.578","0.988","0.713","0.917","0.644","0.743","0.645","0.095","0.236","-0.403","0.808","-0.718","0.291","0.272","-0.493","-0.502","-0.842","-0.659","-0.903","-0.983","0.913","0.951","0.908","0.944","0.921","0.571","0.759","0.675","0.844","0.520","0.381","0.440","0.103","0.418","0.274","-0.477","-0.658","-0.800","0.956","0.914","0.851","0.783","0.945","0.848","0.690","0.562","0.603","0.747","0.567","0.514","0.368","0.443","-0.275","-0.658","-0.492","0.964","0.933","0.910","0.818","0.918","0.787","0.833","0.586","0.699","0.822","0.746","0.462","0.304","0.178","-0.718","-0.721","0.973","0.938","0.816","0.915","0.847","0.761","0.838","0.575","0.739","0.847","0.508","0.649","0.238","-0.553","-0.281","0.958","0.720","0.851","0.908","0.810","0.892","0.511","0.604","0.712","0.775","0.818","0.222","0.279","-0.030","0.692","0.845","0.895","0.924","0.961","0.584","0.660","0.796","0.847","0.880","0.265","0.200","0.093","0.926","0.873","0.749","0.739","0.964","0.844","0.780","0.820","0.648","0.533","0.289","0.063","0.973","0.861","0.778","0.882","0.967","0.986","0.933","0.722","0.785","0.582","-0.095","0.905","0.811","0.820","0.930","0.952","0.979","0.835","0.776","0.905","0.502","0.767","0.767","0.865","0.901","0.879","0.902","0.668","0.813","-0.399","0.680","0.617","0.853","0.781","0.959","0.370","0.568","0.799","0.923","0.714","0.857","0.650","0.663","0.527","-0.105","0.972","0.961","0.661","0.884","0.819","0.063","0.970","0.803","0.843","0.848","0.548","0.919","0.855","0.934","0.495","0.449","0.700","0.784","0.941","0.739","0.963"
"ЗахЛВ","0.959","0.969","0.904","0.961","0.942","0.933","0.880","0.930","0.932","0.871","0.860","0.752","0.756","0.845","0.826","0.476","0.659","0.741","0.094","0.206","0.989","0.894","0.961","0.911","0.985","0.917","0.777","0.892","0.941","0.961","0.834","0.509","0.632","0.593","0.717","0.684","0.397","0.545","0.610","0.873","0.948","0.872","0.969","0.945","0.941","0.872","0.943","0.916","0.865","0.823","0.780","0.671","0.853","0.893","0.738","0.792","0.818","0.675","-0.141","0.747","0.214","0.934","0.561","0.967","0.934","0.161","0.837","-0.307","-0.378","0.908","0.903","-0.137","0.889","0.883","0.988","0.960","0.943","0.856","0.992","0.776","0.885","0.785","0.641","0.947","0.940","0.257","0.339","0.924","-0.251","-0.060","0.908","0.917","0.526","0.990","0.380","0.846","0.831","0.487","0.967","0.965","-0.216","-0.222","0.940","-0.599","-0.426","0.980","0.915","0.948","0.897","0.947","0.906","0.678","0.857","0.803","0.839","0.817","0.840","0.745","0.811","0.937","0.942","0.709","0.887","0.934","0.841","0.922","0.885","0.720","0.785","0.946","0.561","0.742","0.903","0.852","0.833","0.884","0.972","0.886","0.745","0.855","0.890","0.902","0.835","0.879","0.798","0.882","0.778","0.746","0.988","0.982","0.626","0.625","0.947","0.197","0.353","0.978","0.814","0.600","0.664","0.582","0.942","0.911","0.443","0.927","0.876","0.814","0.271","0.771","0.779","0.901","0.861","0.664","0.861","0.842","0.437","0.800","0.797","0.881","0.844","0.549","0.869","0.888","0.827","0.659","0.606","0.758","0.764","0.662","0.655","0.996","0.676","0.681","0.971","0.342","0.378","0.681","0.621","0.950","0.250","0.345","0.984","0.750","0.979","0.967","0.720","0.971","0.974","0.688","0.759","0.988"
"ЗлобЛВ","0.486","0.654","0.963","0.912","0.973","0.832","0.468","0.586","0.816","0.376","-0.182","-0.225","0.975","0.805","0.921","0.068","0.661","0.946","0.182","-0.304","0.726","0.507","0.471","0.537","0.953","0.888","-0.536","-0.381","0.853","0.927","0.883","-0.335","-0.514","-0.502","0.688","0.899","-0.473","0.856","0.702","0.726","0.563","0.390","0.637","0.335","-0.582","0.600","0.735","0.871","0.542","0.294","0.709","0.405","0.221","0.264","-0.408","0.578","0.581","0.974","0.965","0.614","0.198","0.676","0.967","0.156","-0.325","-0.527","0.955","0.965","0.962","0.184","0.140","0.944","-0.339","-0.480","0.989","0.755","0.235","0.562","0.910","0.496","-0.161","-0.340","0.983","0.939","0.975","-0.041","0.354","0.973","-0.028","-0.283","0.537","0.163","0.538","0.923","0.454","0.480","-0.600","0.982","0.937","0.985","0.095","0.292","0.976","-0.120","-0.317","0.939","-0.630","0.209","0.932","0.933","0.925","0.377","0.284","-0.109","0.713","0.940","-0.225","0.906","0.757","-0.502","-0.477","0.805","0.667","0.205","-0.183","-0.409","-0.290","0.321","0.551","-0.214","0.628","0.784","0.713","-0.354","-0.527","0.131","0.536","0.796","0.603","0.462","0.168","0.583","-0.741","-0.704","0.107","0.608","-0.182","0.928","0.991","0.953","0.577","0.130","0.947","-0.312","-0.647","0.965","0.425","0.471","0.222","0.374","-0.141","0.883","0.354","0.927","0.817","0.812","0.371","0.577","0.645","0.912","0.919","0.331","0.958","0.802","-0.542","0.124","-0.622","0.482","0.911","-0.520","0.529","-0.305","0.955","0.973","0.091","0.257","0.983","0.094","-0.375","0.976","0.489","0.262","0.967","-0.133","-0.726","0.395","0.369","0.990","0.115","-0.371","0.795","0.294","0.248","-0.644","0.435","0.893","0.650","0.259","-0.340","0.899"
"ИванЛВ","0.989","0.788","0.845","0.940","0.973","0.892","0.022","0.947","0.521","0.836","0.565","0.301","0.858","0.911","0.952","0.638","0.353","0.778","0.159","0.259","0.940","0.589","-0.847","0.955","0.649","0.278","0.969","0.283","0.955","0.984","0.965","0.875","0.476","0.575","0.935","0.963","0.180","0.858","0.809","0.912","0.950","0.978","0.937","0.960","0.972","0.839","0.981","0.973","0.963","0.896","0.931","0.925","0.977","0.969","-0.217","0.942","0.915","0.989","0.902","0.946","0.992","0.989","0.992","0.950","0.959","0.964","0.949","0.945","0.945","0.943","0.953","0.366","0.787","0.436","0.899","0.856","0.958","0.904","0.998","0.867","0.953","0.828","0.744","0.974","0.841","0.812","0.491","0.438","0.290","0.121","0.929","0.277","0.959","0.866","0.953","0.946","0.888","0.898","0.948","0.980","0.868","0.846","0.678","0.071","-0.033","0.920","0.948","0.908","0.825","0.948","0.954","0.733","0.852","0.734","0.879","0.943","-0.291","0.703","0.225","0.962","0.970","0.942","0.968","0.981","0.335","0.880","0.562","0.910","0.984","-0.713","0.756","0.583","0.979","0.972","0.959","0.970","0.990","0.934","0.897","0.944","0.969","0.783","0.934","0.930","0.980","0.992","0.982","0.914","0.995","0.997","0.986","0.968","0.822","0.880","0.709","0.995","0.984","0.971","0.980","0.985","0.994","0.972","0.872","0.977","0.982","0.999","0.922","0.982","0.989","0.998","0.995","0.784","0.974","0.971","0.888","0.943","0.971","0.991","0.996","0.536","0.969","0.964","0.951","0.912","0.901","0.878","0.911","0.910","0.848","0.998","0.980","0.898","0.927","0.935","0.854","0.987","0.938","0.955","0.946","0.936","0.992","0.886","0.987","0.993","0.590","0.982","0.982","0.942","0.859","0.989"
"КарЛВ","0.997","0.954","0.985","0.992","0.972","0.981","0.834","0.987","0.947","0.977","0.979","0.947","0.889","0.830","0.884","0.933","0.892","0.407","0.688","0.592","0.964","0.983","0.978","0.969","0.993","0.902","0.805","0.741","0.988","0.993","0.985","-0.348","-0.212","0.598","0.976","0.972","-0.755","0.915","0.905","0.888","0.964","0.984","0.976","0.992","0.826","0.967","0.919","0.946","0.985","0.509","0.811","0.959","0.893","0.939","0.178","0.690","0.730","0.958","0.906","0.953","0.509","0.956","0.859","0.976","0.968","0.870","0.901","0.720","0.657","0.938","0.893","0.685","0.767","0.679","0.994","0.978","0.854","0.989","0.992","0.968","0.964","0.886","0.976","0.973","0.975","0.847","0.691","0.869","0.247","-0.192","0.984","0.945","0.972","0.986","0.946","0.958","0.942","0.966","0.971","0.985","0.776","0.682","0.883","-0.184","-0.261","0.963","0.903","0.953","0.982","0.991","0.993","0.413","0.753","0.934","0.974","0.983","-0.589","0.923","0.906","0.440","0.915","0.887","0.922","0.988","0.495","0.885","0.904","0.904","0.965","0.473","0.761","0.841","0.990","0.625","0.658","0.290","0.993","0.989","0.953","0.182","0.134","0.952","-0.419","-0.405","0.547","0.706","0.694","0.986","0.997","0.989","0.096","0.085","0.964","-0.483","-0.413","0.998","0.981","-0.519","-0.375","0.425","0.995","0.976","-0.704","0.980","0.972","0.990","-0.413","-0.152","0.677","0.993","0.981","-0.627","0.969","0.959","-0.422","-0.132","0.737","0.984","0.989","-0.565","0.937","0.933","0.987","0.949","-0.405","-0.114","0.977","-0.585","-0.453","0.989","-0.277","-0.222","0.984","-0.565","-0.467","0.140","-0.064","0.941","-0.428","-0.396","0.990","-0.298","0.989","0.989","-0.116","0.955","0.956","-0.210","-0.052","0.994"
"КозЛВ","0.915","0.943","0.857","0.996","0.980","0.940","0.799","0.727","0.983","0.907","0.884","0.794","-0.469","0.427","0.898","0.723","0.764","-0.693","-0.345","0.242","0.991","0.965","0.888","0.839","0.987","-0.344","0.953","0.827","0.993","0.872","-0.373","0.674","0.255","-0.117","-0.146","-0.520","-0.537","0.540","-0.720","0.928","0.936","0.928","0.994","0.614","0.871","0.887","0.984","0.904","0.592","0.393","0.293","0.503","0.523","0.439","-0.301","0.174","-0.499","0.808","0.581","0.953","0.902","0.987","0.862","0.930","0.894","0.897","0.829","0.837","0.146","0.704","0.857","-0.316","-0.257","-0.592","0.991","0.936","0.832","0.721","0.993","0.908","0.917","0.827","-0.535","0.655","0.936","0.795","0.795","-0.339","0.059","0.504","0.933","0.835","0.373","0.983","0.861","0.881","0.831","-0.815","0.419","0.954","0.788","0.806","-0.303","0.149","0.618","0.770","0.920","0.927","0.992","0.969","0.755","0.611","0.529","0.760","0.837","0.645","0.261","0.660","0.120","0.847","0.849","-0.164","0.955","1.000","0.341","0.694","0.945","0.968","0.999","0.328","-0.095","0.766","0.888","0.933","0.897","0.846","0.953","0.967","0.273","0.755","0.829","0.581","0.195","-0.278","0.882","0.956","0.846","0.242","0.948","0.979","0.941","0.838","0.775","0.655","0.848","0.973","-0.199","0.908","0.768","0.670","0.840","-0.384","0.855","0.942","0.309","0.956","0.590","0.776","0.943","0.994","0.958","0.577","0.772","0.885","0.339","0.697","0.946","0.970","0.999","0.334","-0.088","0.770","0.959","-0.730","0.351","0.317","0.748","0.434","-0.365","0.881","0.745","0.709","0.951","0.817","0.945","0.955","0.952","0.790","0.915","0.953","0.975","0.566","0.710","0.929","0.368","0.076","0.796","0.969","0.908","0.950"
"КутЛВ","0.985","0.975","0.986","0.993","0.982","0.973","0.908","0.965","0.922","0.903","0.932","0.903","0.894","0.665","0.818","0.767","0.886","0.320","-0.100","0.097","0.990","0.944","0.981","0.969","0.961","0.925","0.974","0.796","0.935","0.953","0.964","0.839","0.641","0.791","0.916","0.972","-0.176","0.479","0.383","0.955","0.978","0.985","0.983","0.982","0.974","0.916","0.960","0.983","0.969","0.796","0.725","0.701","0.873","0.962","-0.154","0.505","0.460","0.981","0.961","0.710","0.882","0.956","0.555","0.812","0.606","0.843","0.909","0.438","0.664","0.573","0.772","0.330","-0.093","-0.195","0.994","0.952","0.938","0.957","0.864","0.936","0.918","0.937","0.883","0.726","0.852","0.805","0.916","0.395","0.025","-0.056","0.978","0.955","0.953","0.929","0.942","0.966","0.952","0.833","0.759","0.822","0.792","0.926","0.385","-0.075","0.133","0.877","0.920","0.984","0.962","0.997","0.862","0.756","0.957","0.670","0.917","0.935","-0.058","0.768","0.891","0.862","0.724","0.928","0.890","0.979","0.733","0.524","0.641","0.812","0.938","0.173","0.452","0.240","0.829","0.887","0.921","0.816","0.913","0.810","0.793","0.808","0.828","0.281","0.393","0.355","0.930","0.980","0.728","0.760","0.966","0.894","0.883","0.836","0.625","0.726","0.837","0.963","0.937","0.787","0.916","0.894","0.953","0.956","0.505","0.816","0.787","0.876","0.729","0.960","0.821","0.893","0.917","0.438","0.747","0.846","0.626","0.687","0.819","0.911","0.956","0.239","0.583","0.449","0.886","0.840","0.767","0.620","0.532","0.569","0.441","0.979","0.934","0.818","0.862","0.844","0.836","0.944","0.860","0.886","0.785","0.811","0.960","0.771","0.926","0.868","0.442","0.745","0.515","0.888","0.807","0.958"
"НаумЛВ","0.996","0.992","0.986","0.999","0.997","0.992","0.997","0.989","0.999","0.996","0.990","0.998","0.967","0.997","0.998","0.987","0.999","0.959","0.993","0.987","0.999","0.945","0.998","0.999","0.999","0.999","0.955","0.990","0.998","0.997","0.999","0.898","0.987","0.993","0.995","0.999","0.877","0.995","0.991","0.908","0.996","0.998","1.000","0.999","0.925","0.983","0.998","0.999","0.998","0.833","0.979","0.987","0.997","0.998","0.836","0.993","0.993","0.981","0.966","0.939","0.963","1.000","0.988","0.974","0.933","0.970","0.993","0.989","0.986","0.924","0.973","0.994","0.948","0.936","0.999","0.995","0.998","0.986","0.998","0.997","0.994","0.999","0.961","0.997","0.998","0.991","0.999","0.953","0.996","0.991","0.999","1.000","0.971","0.994","0.999","0.997","1.000","0.938","0.995","0.997","0.994","1.000","0.951","0.996","0.992","0.999","0.949","0.984","0.999","1.000","0.998","0.894","0.984","0.990","0.998","0.998","0.898","0.997","0.996","0.969","0.993","0.999","0.998","1.000","0.936","0.994","0.997","0.995","1.000","0.947","0.997","0.993","0.991","0.978","0.944","0.975","0.992","0.992","0.989","0.936","0.978","0.994","0.959","0.943","0.993","0.982","0.994","0.970","0.999","0.999","0.978","0.995","0.971","0.993","0.984","0.999","0.999","0.957","0.993","0.996","0.996","0.998","0.949","0.997","0.994","0.997","0.885","0.980","0.988","0.999","0.996","0.883","0.998","0.997","0.946","0.995","0.998","0.993","1.000","0.953","0.996","0.991","0.971","0.971","0.880","0.951","0.997","0.910","0.913","0.999","0.975","0.996","0.982","0.984","0.979","0.983","0.998","0.983","0.985","0.983","0.993","0.878","0.997","0.999","0.957","0.997","0.991","0.926","0.934","0.997"
"ПерЛВ","0.938","0.916","0.896","0.993","0.991","0.948","0.873","0.736","0.965","0.849","0.776","0.801","-0.515","0.366","0.728","-0.127","0.373","-0.437","-0.613","-0.564","0.970","0.885","0.941","0.914","0.990","0.943","0.818","0.469","0.983","0.951","0.892","0.247","0.298","0.250","0.762","0.580","-0.714","0.720","0.607","0.821","0.937","0.942","0.984","0.990","0.739","0.361","0.967","0.968","0.944","0.302","0.509","0.519","0.862","0.764","-0.546","0.776","0.742","0.910","0.766","0.795","0.734","0.983","0.907","0.799","0.614","0.621","0.746","0.560","-0.389","-0.264","0.209","-0.878","-0.768","-0.660","0.991","0.921","0.841","0.812","0.984","0.946","0.899","0.829","-0.180","0.623","0.775","0.626","0.646","-0.357","-0.313","0.404","0.926","0.916","0.485","0.971","0.897","0.869","0.842","-0.623","0.459","0.857","0.516","0.645","-0.115","-0.430","-0.137","0.986","0.744","0.603","0.993","0.987","0.964","0.377","0.660","0.699","0.922","0.850","-0.326","0.861","0.822","0.735","0.320","0.968","0.987","0.988","0.599","0.682","0.781","0.964","0.947","-0.272","0.871","0.894","0.874","0.804","0.690","0.701","0.954","0.853","-0.363","0.478","0.531","-0.610","-0.494","-0.386","0.749","0.672","0.556","0.599","0.942","0.881","0.308","0.576","0.358","-0.535","-0.499","0.985","0.927","0.696","0.785","0.735","0.948","0.782","-0.132","0.894","0.879","0.989","0.559","0.804","0.899","0.988","0.972","0.432","0.909","0.909","0.644","0.768","0.836","0.964","0.975","0.210","0.756","0.890","0.897","-0.403","0.570","0.630","0.206","0.394","0.298","0.916","0.871","0.825","0.895","0.870","0.813","0.947","0.844","0.898","0.823","0.853","0.980","0.730","0.946","0.973","0.637","0.799","0.970","0.907","0.799","0.993"
"СавЛВ","0.993","0.995","0.967","0.978","0.983","0.973","0.925","0.788","0.972","0.958","0.969","0.972","0.878","0.918","0.880","0.938","0.933","0.567","0.389","0.585","0.998","0.954","0.980","0.982","0.993","0.964","0.883","0.976","0.986","0.993","0.994","0.930","0.926","0.900","0.968","0.967","0.520","0.756","0.786","0.956","0.968","0.970","0.986","0.971","0.918","0.959","0.969","0.986","0.986","0.923","0.907","0.872","0.948","0.961","0.486","0.724","0.715","0.988","0.973","0.939","0.809","0.968","0.977","0.905","0.881","0.925","0.956","0.923","0.874","0.818","0.844","0.457","0.065","0.242","0.996","0.982","0.875","0.952","0.994","0.972","0.962","0.955","0.937","0.964","0.952","0.906","0.885","0.653","0.563","0.559","0.987","0.832","0.971","0.990","0.976","0.968","0.963","0.862","0.936","0.951","0.888","0.891","0.687","0.551","0.553","0.912","0.970","0.977","0.998","0.995","0.995","0.932","0.934","0.933","0.956","0.976","0.527","0.853","0.784","0.966","0.799","0.866","0.888","0.973","0.937","0.690","0.653","0.811","0.886","0.288","0.626","0.806","0.816","0.950","0.878","0.953","0.954","0.905","0.902","0.426","0.961","0.533","0.902","0.789","0.975","0.969","0.939","0.922","0.970","0.962","0.939","0.864","0.726","0.564","0.551","0.995","0.983","0.913","0.938","0.928","0.963","0.961","0.604","0.881","0.797","0.991","0.912","0.940","0.937","0.989","0.981","0.641","0.851","0.808","0.927","0.882","0.882","0.951","0.984","0.500","0.767","0.605","0.940","0.807","0.811","0.855","0.621","0.804","0.647","0.978","0.944","0.852","0.922","0.887","0.816","0.937","0.847","0.893","0.831","0.814","0.970","0.794","0.927","0.896","0.661","0.875","0.723","0.941","0.895","0.972"
"СорЛВ","0.993","0.894","0.969","0.966","0.962","0.904","0.895","0.963","0.904","0.958","0.861","0.743","0.885","0.875","0.844","0.942","-0.293","0.730","0.869","0.694","0.986","0.949","0.976","0.965","0.985","0.996","0.963","0.960","0.989","0.987","0.986","0.894","0.898","0.873","0.989","0.255","0.633","0.965","0.938","0.715","0.850","0.798","0.975","0.987","0.792","0.865","0.986","0.991","0.994","0.650","0.714","0.667","0.969","0.122","0.335","0.940","0.893","0.983","0.974","0.897","0.855","0.999","0.987","0.936","0.846","0.708","0.980","0.975","0.959","0.907","-0.238","0.909","0.819","0.606","0.941","0.965","0.954","0.983","0.963","0.962","0.895","0.909","0.906","0.927","0.911","0.934","-0.180","0.825","0.852","0.593","0.934","0.951","0.973","0.971","0.934","0.902","0.929","0.895","0.924","0.918","0.920","-0.174","0.820","0.816","0.618","0.992","0.934","0.983","0.996","0.998","0.994","0.888","0.939","0.921","0.989","0.571","0.573","0.977","0.966","0.921","0.967","0.993","0.996","0.997","0.841","0.924","0.919","0.995","0.748","0.473","0.987","0.982","0.985","0.959","0.870","0.822","0.980","0.970","0.955","0.916","-0.179","0.920","0.866","0.624","0.984","0.968","0.920","0.988","0.989","0.987","0.968","-0.102","0.895","0.901","0.782","0.999","0.990","0.952","0.978","0.963","0.994","0.734","0.627","0.988","0.978","0.997","0.894","0.969","0.927","0.996","0.880","0.469","0.989","0.981","0.652","0.763","0.662","0.990","-0.382","0.298","0.989","0.986","0.991","0.965","0.920","-0.017","0.931","0.875","0.735","0.996","0.971","0.028","0.882","0.937","0.905","0.949","0.060","0.921","0.878","0.823","0.809","0.632","0.997","0.995","0.136","0.915","0.946","0.852","0.766","0.996"
"СтепЛВ","0.940","0.904","0.867","0.955","0.942","0.875","0.783","0.855","0.929","0.800","0.695","0.760","0.842","0.846","0.435","0.705","0.880","0.718","0.508","0.825","0.986","0.862","0.937","0.927","0.990","0.902","0.738","0.872","0.958","0.955","0.910","0.593","0.660","0.958","0.904","0.961","0.463","0.693","0.797","0.726","0.830","0.798","0.807","0.774","0.467","0.677","0.938","0.901","0.802","0.269","0.386","0.435","0.825","0.935","-0.130","0.473","0.748","0.925","0.959","0.449","-0.243","0.920","0.937","0.484","0.242","-0.215","0.844","0.754","0.734","-0.211","0.339","0.526","-0.443","0.058","0.982","0.847","0.618","0.854","0.990","0.821","0.724","0.639","0.892","0.973","0.656","0.660","0.739","0.879","0.292","0.636","0.780","0.401","0.913","0.979","0.719","0.702","0.420","0.928","0.800","0.803","0.312","0.487","0.789","-0.400","-0.151","0.854","0.404","0.593","0.958","0.945","0.927","0.298","0.427","0.913","0.897","0.893","-0.113","0.655","0.771","-0.357","0.177","0.881","0.931","0.946","-0.378","0.110","0.270","0.850","0.927","-0.404","0.607","0.672","0.945","0.518","0.363","-0.316","0.967","0.885","0.612","0.118","-0.170","0.791","-0.301","-0.247","0.706","0.566","0.183","0.948","0.948","0.713","0.437","0.472","0.827","-0.053","0.218","0.988","0.918","0.463","0.583","0.750","0.962","0.930","0.198","0.833","0.767","0.941","0.236","0.413","0.862","0.952","0.938","-0.074","0.772","0.691","-0.187","0.292","0.732","0.904","0.954","-0.201","0.757","0.833","0.948","0.627","0.429","0.362","0.875","0.178","0.400","0.711","0.702","0.643","0.950","0.549","0.666","0.820","0.903","0.817","0.401","0.753","0.956","0.518","0.960","0.903","0.469","0.916","0.950","0.676","0.783","0.963"
"ТокЛВ","0.997","0.995","0.995","0.990","0.992","0.982","0.751","0.963","0.946","0.950","0.959","0.905","0.890","0.611","0.674","0.697","0.499","0.345","0.536","-0.391","0.999","0.975","0.978","0.985","0.973","0.934","0.963","0.922","0.951","0.952","0.939","0.886","0.504","0.565","0.967","0.945","0.095","0.928","0.896","0.968","0.975","0.985","0.977","0.947","0.951","0.905","0.967","0.971","0.962","0.876","0.530","0.513","0.974","0.948","0.121","0.931","0.900","0.990","0.986","0.947","0.687","0.969","0.946","0.891","0.891","0.799","0.908","0.743","0.679","0.506","0.501","0.503","0.355","-0.138","0.999","0.964","0.766","0.974","0.982","0.927","0.930","0.847","0.929","0.819","0.817","0.640","0.654","0.615","0.483","0.272","0.969","0.800","0.962","0.984","0.937","0.942","0.873","0.913","0.811","0.846","0.671","0.685","0.604","0.554","0.286","0.973","0.874","0.879","0.993","0.997","0.994","0.744","0.597","0.664","0.989","0.980","0.213","0.945","0.950","0.610","0.608","0.964","0.970","0.993","0.415","0.475","0.584","0.972","0.980","0.089","0.933","0.939","0.958","0.846","0.837","0.727","0.982","0.881","0.822","0.628","0.700","0.756","0.566","0.424","0.881","0.873","0.741","0.938","0.972","0.963","0.690","0.708","0.907","0.605","0.496","0.998","0.994","0.730","0.735","0.782","0.995","0.980","0.494","0.973","0.985","0.996","0.690","0.718","0.787","0.996","0.987","0.434","0.967","0.982","0.539","0.521","0.680","0.989","0.991","0.169","0.976","0.971","0.948","0.858","0.551","0.586","0.891","0.534","0.375","0.983","0.709","0.697","0.979","0.699","0.638","0.810","0.770","0.956","0.757","0.781","0.989","0.534","0.990","0.997","0.472","0.963","0.984","0.682","0.555","0.991"
"ХакЛВ","0.989","0.987","0.945","0.990","0.981","0.803","-0.328","0.946","0.978","0.940","0.944","-0.152","0.760","0.947","0.982","0.854","0.925","0.855","0.201","0.397","0.987","0.932","0.978","0.978","0.971","0.859","0.932","0.950","0.982","0.983","0.905","0.438","0.921","0.940","0.924","0.937","0.636","0.706","0.642","0.974","0.988","0.980","0.672","-0.391","0.959","0.968","0.969","0.984","-0.252","0.927","0.949","0.959","0.965","0.960","0.935","0.452","0.624","0.989","0.996","0.434","-0.588","0.997","0.979","0.920","0.913","-0.549","0.978","0.975","0.946","0.799","0.830","0.886","-0.575","-0.575","0.995","0.622","-0.542","0.979","0.990","0.952","0.958","-0.456","0.945","0.981","0.983","0.894","0.924","0.961","-0.197","0.238","0.730","-0.381","0.993","0.990","0.955","0.954","-0.282","0.965","0.990","0.964","0.899","0.909","0.964","-0.239","0.252","0.921","0.462","0.916","0.912","0.890","0.942","0.340","0.747","-0.041","0.884","0.340","-0.294","0.573","0.394","-0.461","-0.188","0.630","0.367","0.999","-0.511","-0.277","-0.783","0.556","-0.511","-0.709","0.516","0.588","0.982","0.896","0.889","-0.427","0.986","0.984","0.912","0.791","0.793","0.869","-0.394","-0.373","0.965","0.969","0.138","0.917","0.993","0.968","0.924","0.935","0.952","0.420","0.492","0.993","0.742","0.470","0.968","0.941","0.988","0.970","0.853","0.921","0.925","0.541","0.497","0.952","0.968","0.995","0.990","0.895","0.907","0.952","-0.519","-0.188","-0.750","0.682","-0.409","-0.681","0.552","0.599","0.958","0.897","0.535","0.649","0.885","-0.669","-0.736","0.955","0.955","0.911","0.978","0.697","0.749","0.950","0.962","0.981","0.599","0.714","0.981","0.917","0.943","0.970","0.936","0.819","0.890","0.838","0.859","0.976"
"ХолЛВ","0.887","0.844","0.984","0.978","0.981","0.497","0.457","0.983","0.954","-0.096","-0.092","0.417","0.951","0.944","0.964","-0.377","0.237","0.401","-0.655","-0.820","0.976","0.637","0.711","0.738","0.929","0.842","0.587","0.380","0.847","0.849","0.825","-0.184","0.239","-0.193","0.781","0.500","-0.713","0.816","0.208","0.689","0.822","0.814","0.964","0.983","0.743","0.763","0.916","0.942","0.980","0.619","0.618","0.517","0.937","0.882","-0.204","0.851","0.629","0.985","0.986","0.244","0.350","0.996","0.979","-0.224","-0.342","0.335","0.982","0.965","0.968","-0.509","0.237","0.674","-0.824","-0.806","0.997","0.409","0.431","0.994","0.994","0.158","0.099","0.434","0.975","0.984","0.974","-0.280","0.468","0.685","-0.816","-0.824","0.461","0.488","0.993","0.992","0.122","0.160","0.465","0.972","0.982","0.980","-0.234","0.466","0.659","-0.853","-0.854","0.968","0.257","0.345","0.964","0.986","0.958","0.086","0.119","-0.025","0.964","0.895","-0.145","0.861","0.812","0.502","0.430","0.958","0.959","0.999","0.473","0.319","0.385","0.960","0.978","0.399","0.854","0.860","0.989","0.079","-0.088","0.475","0.985","0.982","0.975","-0.246","0.559","0.755","-0.767","-0.654","0.210","0.116","0.427","0.972","0.992","0.976","-0.134","0.535","0.710","-0.827","-0.796","0.985","0.942","0.142","0.103","-0.020","0.980","0.944","0.401","0.937","0.951","0.958","-0.112","-0.072","-0.128","0.984","0.954","-0.062","0.900","0.902","0.412","0.332","0.334","0.957","0.979","0.167","0.820","0.803","0.985","0.986","-0.065","0.640","0.890","-0.487","-0.208","0.990","-0.036","0.542","0.869","-0.590","-0.529","0.028","0.530","0.857","-0.634","-0.452","0.971","0.405","0.948","0.948","0.628","0.873","0.905","0.737","0.722","0.954"
"ЧигЛВ","-0.225","-0.209","0.981","0.987","0.986","0.569","-0.259","0.969","0.982","0.208","0.262","-0.401","0.897","0.956","0.953","-0.516","-0.614","0.718","-0.668","-0.663","0.996","-0.162","-0.222","-0.270","0.900","0.957","-0.281","0.208","0.986","0.965","0.889","-0.510","-0.205","-0.439","0.966","0.704","0.286","0.908","0.822","-0.181","-0.246","-0.247","0.922","0.970","-0.312","0.188","0.979","0.964","0.920","-0.578","-0.242","-0.424","0.949","0.740","0.298","0.900","0.777","0.972","0.958","0.383","-0.278","0.987","0.953","0.183","-0.211","-0.391","0.932","0.925","0.887","-0.568","-0.680","0.535","-0.623","-0.663","0.998","0.266","-0.258","0.970","0.993","0.244","0.238","-0.290","0.918","0.979","0.977","-0.243","-0.421","0.699","-0.601","-0.617","0.606","-0.191","0.958","0.989","0.291","0.355","-0.259","0.902","0.976","0.982","-0.230","-0.316","0.746","-0.594","-0.543","0.947","-0.119","0.847","0.970","0.957","0.844","-0.342","0.740","0.599","0.885","0.864","0.889","0.824","0.902","-0.375","0.225","0.922","0.936","0.986","-0.526","-0.142","-0.194","0.924","0.929","0.402","0.805","0.674","0.957","0.167","-0.176","-0.353","0.960","0.962","0.932","-0.406","-0.561","0.689","-0.551","-0.626","0.601","0.635","-0.237","0.918","0.983","0.977","0.321","-0.143","0.898","-0.353","-0.165","0.985","0.851","-0.168","0.494","0.301","0.973","0.820","0.580","0.916","0.898","0.913","-0.259","0.506","0.396","0.971","0.894","0.590","0.903","0.869","-0.437","-0.278","-0.250","0.894","0.941","-0.232","0.787","0.607","0.957","0.907","-0.253","-0.357","0.871","-0.414","-0.381","0.983","0.252","-0.059","0.905","-0.235","-0.072","0.211","0.097","0.883","-0.279","-0.102","0.962","0.574","0.968","0.963","0.527","0.853","0.890","0.725","0.780","0.977"
"ШабЛВ","0.946","0.948","0.976","0.922","0.977","0.949","0.916","0.915","0.709","0.945","0.947","0.833","0.861","0.739","0.705","0.740","0.870","0.859","0.844","0.874","0.999","0.906","0.837","0.945","0.997","0.990","0.799","0.432","0.997","0.999","0.979","0.650","0.565","0.427","0.938","0.990","0.655","0.984","0.989","0.895","0.899","0.965","0.999","0.996","0.818","0.760","0.994","0.997","0.978","0.651","0.711","0.660","0.960","0.987","0.689","0.963","0.980","0.967","0.975","0.901","0.849","0.998","0.944","0.906","0.889","0.802","0.961","0.922","0.880","0.861","0.782","0.894","0.664","0.732","0.994","0.955","0.906","0.954","0.938","0.933","0.707","0.801","0.925","0.963","0.951","0.957","0.907","0.955","0.821","0.843","0.978","0.966","0.973","0.961","0.942","0.919","0.931","0.924","0.968","0.959","0.937","0.929","0.957","0.840","0.920","0.997","0.905","0.919","0.995","0.995","0.986","0.640","0.793","0.777","0.972","0.987","0.643","0.964","0.979","0.811","0.782","0.985","0.992","0.994","0.540","0.612","0.577","0.953","0.994","0.534","0.969","0.978","0.991","0.909","0.562","0.762","0.967","0.974","0.952","0.925","0.807","0.829","0.662","0.691","0.835","-0.113","0.544","0.921","0.987","0.985","0.969","0.814","0.875","0.811","0.615","0.997","0.991","0.655","0.814","0.762","0.992","0.992","0.714","0.992","0.995","0.981","0.641","0.529","0.390","0.913","0.994","0.719","0.990","0.995","0.475","0.448","0.409","0.978","0.993","0.406","0.986","0.990","0.972","0.944","0.525","0.473","0.973","0.704","0.669","0.998","0.918","0.686","0.990","0.901","0.817","0.929","0.694","0.983","0.886","0.804","0.995","0.605","0.984","0.992","0.552","0.994","0.996","0.902","0.827","0.995"
"ЩерЛВ","0.995","0.988","0.987","0.993","0.993","0.903","0.759","0.983","0.984","0.721","0.556","0.901","0.983","0.917","0.980","0.800","0.749","0.882","0.100","0.245","0.965","0.955","0.979","0.979","0.961","0.892","0.917","0.945","0.904","0.855","0.964","0.911","0.803","0.864","0.938","0.911","0.671","0.614","0.635","0.964","0.993","0.991","0.785","0.574","0.994","0.992","0.457","0.144","0.769","0.979","0.974","0.975","0.664","0.607","0.965","0.252","0.262","0.981","0.982","0.780","0.577","0.970","0.973","0.549","0.246","0.774","0.916","0.898","0.963","0.605","0.559","0.877","0.054","0.253","0.999","0.794","0.561","0.993","0.998","0.533","0.272","0.799","0.988","0.957","0.991","0.657","0.594","0.934","-0.192","0.095","0.824","0.641","0.989","0.997","0.617","0.420","0.835","0.987","0.944","0.993","0.724","0.674","0.906","-0.104","0.228","0.985","0.580","0.720","0.994","0.982","0.977","0.728","0.255","0.648","0.990","0.988","-0.020","0.953","0.970","0.307","0.507","0.990","0.984","0.964","0.543","-0.040","0.493","0.980","0.984","-0.207","0.959","0.971","0.994","0.245","-0.121","0.662","0.983","0.977","0.975","0.464","0.406","0.964","-0.127","0.096","0.485","0.236","0.763","0.986","0.966","0.993","0.651","0.597","0.941","-0.072","0.226","0.992","0.950","0.505","-0.084","0.475","0.979","0.977","-0.262","0.968","0.971","0.906","0.249","-0.382","0.277","0.946","0.951","-0.504","0.951","0.941","0.705","0.422","0.718","0.979","0.983","0.268","0.907","0.926","0.932","0.975","0.631","0.591","0.912","0.250","0.323","0.933","0.238","0.152","0.995","-0.277","-0.096","0.669","0.636","0.896","0.337","0.492","0.996","0.097","0.969","0.982","0.027","0.965","0.973","-0.205","0.101","0.987"
"ЮнЛВ","0.980","0.994","0.953","0.978","0.941","0.973","0.803","0.814","0.975","0.335","0.875","0.934","0.860","0.908","0.513","0.827","0.801","0.661","0.683","-0.726","0.977","0.940","0.983","0.860","0.986","0.841","0.798","0.951","0.790","0.959","0.899","0.928","0.929","0.387","0.827","0.725","0.705","0.833","-0.572","0.963","0.981","0.940","0.978","0.740","0.783","0.989","-0.528","0.845","0.978","0.983","0.987","0.466","0.924","0.899","0.953","0.968","-0.846","0.932","0.851","0.910","0.838","0.992","0.925","0.750","0.721","0.929","0.928","0.749","0.546","0.590","0.348","0.307","0.364","-0.397","0.973","0.966","0.717","0.853","0.974","0.752","0.908","0.921","0.827","0.927","0.831","0.815","0.710","0.699","0.614","-0.268","0.962","0.932","0.822","0.969","0.707","0.851","0.968","0.736","0.871","0.780","0.941","0.879","0.349","0.298","-0.597","0.898","0.850","0.944","0.938","0.964","0.938","0.886","0.879","0.757","0.851","0.743","0.569","0.751","-0.137","0.882","0.780","0.789","0.728","0.840","0.450","0.510","0.834","0.888","0.873","0.325","0.513","-0.706","0.843","0.800","0.618","0.825","0.894","0.655","0.532","0.538","0.126","0.232","0.199","-0.399","0.842","0.901","0.966","0.968","0.973","0.872","0.886","0.844","0.892","0.870","0.524","0.945","-0.402","0.642","0.668","0.851","0.806","0.600","0.640","0.671","0.767","0.706","0.822","0.920","0.928","0.903","0.783","0.793","0.877","0.728","0.948","0.934","0.700","0.939","0.927","0.870","0.952","-0.732","0.947","0.721","0.840","0.627","0.879","0.874","0.347","0.926","0.915","0.812","0.969","0.945","0.730","0.983","0.959","0.937","0.922","0.908","0.982","0.916","0.972","0.883","0.764","0.901","0.790","0.944","0.829","0.934"
